Child_Name,Ancestor_Name,Edit_Distance,sum
Johanna,Johannes,2,46107
Maria,Mara,1,45486
Johannes,Johanna,2,40386
Marie,Maria,1,32688
Johannes,Johann,2,30930
James,Jane,2,29391
Mary,Maria,2,27744
John,Johann,2,21642
Maria,Mar,2,21240
Jane,James,2,21027
Jess,Jos,2,19626
Mara,Ana,2,18987
Karl,Carl,1,17706
Johanna,Johann,1,17253
Johann,Johannes,2,16350
Martha,Maria,2,15531
Maria,Martha,2,14934
Jane,Ann,2,14862
Elizabeth,Elisabeth,1,14376
Martin,Maria,2,13575
Carl,Karl,1,12432
Jose,Jos,1,12339
Harry,Mary,2,12189
Jan,Jans,1,12174
Mary,Marie,2,11967
Jose,Joseph,2,11961
Maria,Marie,1,11574
Ann,Jane,2,11166
Johanne,Johann,1,10512
May,Mary,1,10425
Jacoba,Jacobus,2,9624
Johanna,Johan,2,9279
Jacobus,Jacoba,2,9015
Annie,Ann,2,8859
Jans,Jan,1,8838
Maria,Mary,2,8829
John,Jean,2,7860
Carl,Mar,2,7344
James,Janet,2,7143
Cornelia,Cornelis,1,7026
Jos,Jess,2,6993
Marie,Mary,2,6912
Louis,Louise,1,6753
Jean,John,2,6621
Johan,Johanna,2,6609
Joanna,Joannes,2,6579
Sophie,Sophia,1,6483
Anna,Anne,1,6318
Elisabeth,Elizabeth,1,6228
Ana,Mara,2,6180
Lillian,William,2,6030
Alexis,Alexius,1,6000
Harry,Henry,2,5784
Heinrich,Henrich,1,5652
Ann,Anne,1,5466
Carl,Lars,2,5436
Jean,Jeanne,2,5394
Anna,Ann,1,5172
Johann,Johanna,1,5127
Johan,Johann,1,5100
Janet,James,2,5097
Louise,Louis,1,5082
Anne,Ann,1,5073
Earl,Mary,2,5052
Ann,Anna,1,4977
Ma,Mara,2,4842
Anne,Anna,1,4830
Rosine,Rosina,1,4824
August,Auguste,1,4797
John,Johan,1,4746
Willie,William,2,4740
Johannes,Joannes,1,4644
Mara,Maria,1,4611
Hendriks,Hindriks,1,4608
Christian,Christiane,1,4602
Mae,Mary,2,4560
Maria,Martin,2,4368
Louise,Luise,1,4269
Joachim,Jochim,1,4251
Martin,Marie,2,4149
Juan,Juana,1,4113
Juana,Juan,1,4074
Christian,Christine,2,4050
Amy,Mary,2,3939
Carl,Mary,2,3903
Antonia,Antonio,1,3882
Marie,Amalie,2,3816
Maud,Mary,2,3789
Cornelis,Cornelia,1,3738
Josefa,Joseph,2,3651
Louisa,Louise,1,3570
Pieter,Pieters,1,3540
Hendriks,Hendrik,1,3531
Hendrina,Hendrik,2,3522
Jacobsson,Jakobsson,1,3516
Jose,Rosa,2,3450
Jacob,Jacobs,1,3435
Jose,Josefa,2,3393
Christian,Christina,2,3351
Heinrich,Hinrich,1,3279
Hendrik,Hendriks,1,3243
Johann,Johan,1,3240
Willemsz,Willem,2,3231
Jane,Anne,2,3228
Albert,Robert,2,3225
Marie,Martin,2,3207
George,Georg,1,3207
Caroline,Carolina,1,3198
Annie,Anna,2,3174
Jeanne,Jean,2,3153
Cornelisz,Cornelis,1,3138
Mary,Carl,2,3123
Peter,Pieter,1,3114
John,Joan,1,3099
Joseph,Josephe,1,3099
Pieter,Pietersz,2,3066
Mauro,Mara,2,3024
Joan,John,1,2991
Josefa,Jose,2,2955
Jacobus,Jacob,2,2949
Anne,Jane,2,2925
Friederich,Friedrich,1,2892
Hans,Lars,2,2874
Andersdatter,Pedersdatter,2,2844
Jan,Johan,2,2835
Frances,Francis,1,2823
Hendrika,Hendrik,1,2823
Josef,Joseph,2,2817
Marina,Mara,2,2814
Pietersz,Pieter,2,2808
Joannes,Joanna,2,2784
Marta,Maria,1,2769
Toms,Jos,2,2733
Anna,Hannah,2,2721
Francis,Frances,1,2712
Christine,Christina,1,2697
Jos,Rosa,2,2673
Ane,Hans,2,2634
Ada,Ann,2,2601
Christine,Christian,2,2601
Cornelius,Cornelis,1,2592
Willems,Willem,1,2586
Francois,Franois,1,2580
Jan,Janna,2,2574
Johan,Jan,2,2538
Paul,Carl,2,2520
Jacobs,Jacob,1,2484
Karl,Lars,2,2484
Hendriks,Hindrik,2,2469
Greta,Brita,2,2412
Jan,Jansz,2,2397
Jos,Toms,2,2382
Anna,Joanna,2,2370
Anne,Jeanne,2,2361
Elizabeth,Elisabetha,2,2358
Franois,Franoise,1,2349
Marie,Maren,2,2331
Joseph,Josephus,2,2325
Eduard,Eduardus,2,2304
Joanna,Anna,2,2289
Jacob,Jacobus,2,2289
Katherine,Catherine,1,2277
Katharina,Catharina,1,2274
Louis,Luise,2,2265
Jensen,Jens,2,2262
John,Jan,2,2253
Mark,Mary,1,2247
Catherine,Catharina,2,2241
Ray,Mary,2,2226
Maria,Sara,2,2178
Klara,Karl,2,2175
Jacob,Jacobsz,2,2133
Jean,Jane,2,2133
Hannah,Anna,2,2124
Cornelis,Cornelisz,1,2115
Heikintytr,Erkintytr,2,2112
Annie,Anne,1,2097
Adriaan,Adriana,2,2058
Georgia,George,2,2058
Francisca,Francisco,1,2058
Joel,John,2,2052
Olsen,Ole,2,2040
Dios,Jos,2,2025
Marie,Marcel,2,2022
Mariana,Maria,2,2019
Georg,George,1,2010
Antonio,Antonia,1,2010
Jane,Janet,1,1992
Theodor,Theodore,1,1989
Hendrik,Hendrika,1,1983
Joseph,Josepha,1,1974
Pieters,Pieter,1,1959
Jos,Ins,2,1929
Marie,Barbe,2,1923
Maurice,Marie,2,1920
Amalia,Maria,2,1905
Wilhelm,Wilhelmus,2,1899
Luise,Louise,1,1884
Gerrit,Gerrits,1,1866
Susan,Susanna,2,1851
Ate,Antje,2,1848
Jos,Jose,1,1848
Alma,Anna,2,1833
John,Jon,1,1833
Mary,Mercy,2,1830
Mercy,Mary,2,1824
Robert,Albert,2,1815
Jane,Jean,2,1809
Wilhelmine,Wilhelmina,1,1806
Jacob,Jakob,1,1791
Susanna,Susannah,1,1782
Clara,Carl,2,1776
Fanny,Ann,2,1770
Josefa,Josef,1,1764
Christina,Christian,2,1752
Cornelis,Cornelisdr,2,1749
Josephe,Joseph,1,1749
Joseph,Josephte,2,1746
Mara,Clara,2,1743
Mae,Jane,2,1734
Jansz,Jan,2,1719
Catherine,Catharine,1,1713
Janna,Jan,2,1713
Paul,Karl,2,1704
Hans,Ane,2,1695
Louise,Louisa,1,1695
Susannah,Susanna,1,1686
Mara,Matea,2,1686
Susanna,Susara,2,1680
Stefanus,Stephanus,2,1680
Jacoba,Jacob,1,1680
Mary,Amy,2,1680
Johanna,Janna,2,1677
Karoline,Caroline,1,1668
Jose,Jess,2,1665
Lina,Anna,2,1665
Josphe,Joseph,2,1635
Helen,Ellen,2,1629
Ane,Anne,1,1626
Clara,Mara,2,1623
Nielsen,Niels,2,1617
Frederick,Frederik,1,1617
Marie,Marthe,2,1611
John,Joel,2,1608
Hedwig,Ludwig,2,1608
Ole,Olsen,2,1608
Ins,Jos,2,1605
Gerrits,Gerrit,1,1596
Willis,William,2,1584
Jakob,Jacob,1,1581
Lena,Anna,2,1578
Aelbertse,Aelbert,2,1566
Fredrika,Fredrik,1,1554
Bertha,Martha,2,1554
Margaret,Margaretha,2,1539
Amy,Ann,2,1539
Janet,Jane,1,1536
Josepha,Joseph,1,1533
Rosa,Jos,2,1533
Christian,Christen,2,1524
Elisabeth,Elisabetha,1,1524
Johannes,Johannis,1,1515
Catharine,Catherine,1,1506
Johanna,Joanna,1,1503
Franoise,Franois,1,1500
Sara,Sarah,1,1485
Klaas,Klazes,2,1479
Sara,Mary,2,1473
Hans,Hanna,2,1473
Hans,Jens,2,1470
Mary,Harry,2,1467
Elisabeth,Lisbeth,2,1458
Sara,Maria,2,1458
Jacob,Jacoba,1,1452
Josephte,Joseph,2,1446
Sophia,Sophie,1,1443
Jens,Hans,2,1425
Mara,Matas,2,1410
Harm,Harms,1,1410
Hanne,Anna,2,1401
Johanne,Johanna,1,1386
Mary,Mark,1,1386
Joseph,Josef,2,1368
Christiane,Christian,1,1362
Johanna,Johannis,2,1359
Margaretha,Magaretha,1,1356
Elisabetha,Elisabeth,1,1350
Frederick,Fredericka,1,1338
Cornelis,Cornelius,1,1329
Hendrik,Hindrik,1,1326
Francisco,Francisca,1,1320
Klaas,Claasz,2,1320
Pieterse,Pieter,2,1314
Sarah,Sara,1,1299
Wanda,Anna,2,1296
Etresia,Tresia,1,1296
Edna,Anna,2,1293
William,Lillian,2,1278
Karen,Maren,1,1272
Catherine,Katherine,1,1269
Hans,Hansen,2,1266
Ludwig,Hedwig,2,1257
Joannes,Johannes,1,1257
Cornelisdr,Cornelis,2,1257
Hendrik,Hendrina,2,1257
Hanne,Hans,2,1254
Mary,Sara,2,1239
Agnes,Anne,2,1233
Johnsdatter,Jonsdatter,1,1224
Ijsbrants,Ijsbrand,2,1224
Peter,Peder,1,1209
Joseph,Josiah,2,1206
Johann,John,2,1206
Ana,Juana,2,1197
Willem,Willems,1,1194
Christina,Christiaan,2,1188
Martina,Maria,2,1185
Jeanne,Anne,2,1185
Marcel,Marie,2,1179
Louis,Louisa,1,1176
Arie,Maria,2,1173
Joseph,Josphe,2,1170
Jessie,Jesse,1,1161
Catharina,Katharina,1,1152
Lubbert,Lubbertsz,2,1152
Johann,Joanne,2,1152
Roelofsz,Roelof,2,1152
Martin,Martha,2,1146
Juliane,Juliana,1,1143
Johann,Johanne,1,1143
Josiah,Joseph,2,1137
Joe,John,2,1131
Amos,James,2,1125
Ignacio,Ignacia,1,1122
Hindrik,Hindriks,1,1116
Anna,Annie,2,1080
Maren,Karen,1,1080
Anna,Ane,2,1071
Edna,Emma,2,1062
Job,John,2,1059
Pieter,Peter,1,1059
Marthe,Marie,2,1056
Adriana,Adriaan,2,1053
Franois,Francois,1,1053
Andreas,Anders,2,1050
Cornelis,Cornelisse,2,1032
Lars,Hans,2,1032
Augusta,Auguste,1,1032
Margrethe,Margrete,1,1029
Hans,Dass,2,1026
Alberts,Albert,1,1026
Matti,Antti,2,1023
Mara,Martn,2,1017
Egberts,Egbert,1,1014
Martha,Martin,2,1011
Gertruida,Geertruida,1,1011
Andersen,Anders,2,999
Maria,Martina,2,990
Trientje,Grietje,2,990
James,Amos,2,984
Christiaan,Christina,2,984
Augusta,August,1,978
Lodewyk,Lodewijk,2,978
Johan,Jonas,2,975
Carl,Carel,1,975
Matthys,Matthijs,2,972
Mary,May,1,960
Kate,Jane,2,960
Margeta,Margareta,2,960
Jans,Jansz,1,948
Hendrik,Hendrikje,2,945
Hendrikje,Hendriks,2,942
Louisa,Louis,1,936
Anne,Agnes,2,936
Cornelia,Cornelius,2,924
Sigrid,Sigfrid,1,918
Ella,Eliza,2,918
Andr,Anne,2,915
Myra,Mary,2,915
Lucia,Lusia,1,912
Lena,Jens,2,906
Cornelis,Corneliszn,2,906
Barbe,Marie,2,906
Maria,Marij,1,906
Ann,Annie,2,900
Mrten,Marten,1,900
Harms,Harm,1,894
August,Augusta,1,885
Gerritje,Gerrit,2,879
John,Job,2,879
Auguste,August,1,879
Hansen,Hans,2,873
Eva,Emma,2,873
Anne,Ane,1,873
Jan,Joan,1,873
Pietersdr,Pieters,2,864
Elizabeth,Elisabethe,2,864
Marthinus,Martinus,1,861
Hanna,Anna,1,861
Geert,Geerts,1,861
Ellen,Olsen,2,852
Jacobsz,Jacob,2,852
Adrianus,Adriana,2,852
Francois,Franoise,2,852
Hindrik,Hendriks,2,846
Minna,Anna,2,840
Therese,Teresa,2,837
Nn,Jan,2,834
Philip,Phillip,1,834
Gert,Gerrit,2,828
Isabel,Isabella,2,822
Jonsdatter,Olsdatter,2,816
Anna,Hanna,1,813
Phillip,Philip,1,807
Jon,John,1,804
Larsen,Lars,2,804
Lars,Larsen,2,804
Jans,Jansdr,2,804
William,Willis,2,801
Abram,Abraham,2,801
Son,John,2,798
Aaltje,Maartje,2,798
Wilhelm,Willem,2,798
Karen,Larsen,2,798
Carl,Sara,2,795
Henrich,Henricus,2,792
Catherina,Catharina,1,792
Lars,Kari,2,786
Josefa,Josepha,2,783
Andrew,Andreas,2,780
Anne,Antje,2,780
Frederick,Friedericke,2,780
Johanna,Johanne,1,777
Marie,Marit,1,777
Maria,Mariana,2,774
Ane,Ole,2,771
Hermannus,Hermann,2,768
Eleno,Alejo,2,768
Cornelius,Cornelia,2,768
Dieuwertje,Dieuwtje,2,768
Samme,Sammes,1,768
Aafke,Bauke,2,768
Onni,Anna,2,762
Catharine,Catharina,1,756
Johannes,Johanne,1,756
Clara,Lars,2,756
Roberta,Robert,1,753
Howard,Edward,2,753
Catharina,Catherina,1,744
Magda,Maria,2,741
Josephine,Josephe,2,741
Kornelis,Cornelis,1,738
Wilhelmina,Willemina,2,738
Katharine,Katharina,1,738
Christina,Christine,1,732
Danil,Daniel,1,729
Jantje,Jantien,2,729
Albert,Alberts,1,729
Roelof,Roelofs,1,729
Ella,Emma,2,723
Richard,Reinhard,2,720
Heinrich,Henrici,2,720
Harriett,Harriet,1,720
Jantje,Aaltje,2,720
Klaas,Claas,1,720
Josef,Josefa,1,717
Lynn,Ann,2,708
Hendrikus,Hendrik,2,699
Juana,Ana,2,699
Baukes,Bauke,1,696
Arno,Anna,2,696
Frank,Franz,1,693
Mariah,Sarah,2,693
Friederike,Friederika,1,690
Victor,Victoire,2,690
Sren,Maren,2,687
Geerts,Geert,1,687
Gezina,Gesina,1,687
Jay,Mary,2,687
Gerrits,Geerts,2,684
Francois,Francoise,1,678
Marie,Maurice,2,678
Joseph,Jose,2,672
Maria,Matias,2,672
Louis,Lewis,2,672
Jean,Jan,1,669
Henry,Harry,2,669
Jos,Dios,2,666
Cornelisse,Cornelis,2,666
Andrea,Andreas,1,663
Jan,John,2,654
Ellen,Helen,2,654
Murl,Mary,2,648
Ma,Ana,2,648
Adriana,Adrianus,2,648
Johanne,Johannes,1,642
Jesus,Jess,1,642
Marius,Marie,2,636
Jonas,Johan,2,633
Catharina,Catharine,1,633
Jannetje,Annetje,1,630
Marta,Mara,1,630
Klemens,Clemens,1,624
Anna,Dina,2,621
Laura,Clara,2,618
Willem,Willemsz,2,615
Anne,Annie,1,612
Jack,Jane,2,612
Joan,Jane,2,612
Jan,Jean,1,609
Christiane,Christina,2,609
Ella,Ellen,2,609
Giuseppe,Giuseppa,1,606
Pedersen,Andersen,2,606
Yns,Jos,2,606
Jean,Ren,2,606
Alberta,Albert,1,603
John,Joane,2,603
Mari,Lars,2,600
Hanna,Anne,2,600
Sren,Karen,2,597
Johnny,John,2,597
Francisca,Franciscus,2,597
Bauke,Baukes,1,594
Dorothea,Dorothee,1,594
Dina,Anna,2,594
Maren,Marie,2,594
Elsie,Elsje,1,594
Emma,Eva,2,591
William,Willie,2,588
Giuseppa,Giuseppe,1,585
Anna,Lena,2,585
Margarete,Margaretha,2,582
Franciscus,Francisca,2,582
Maria,Maja,2,582
Olive,Alice,2,579
Sarah,Mariah,2,579
Lina,Ana,2,576
Genevieve,Genevive,1,576
Francoise,Francois,1,576
Kre,Ole,2,576
Olsdtr,Olavsdtr,2,576
Lasseson,Larsson,2,576
Teunke,Teuneke,1,576
Charlie,Charles,2,576
Krister,Christer,2,576
Maria,Maxima,2,576
Egbert,Egberts,1,573
Elise,Luise,2,573
Harriet,Harriett,1,573
Nn,Anna,2,573
Maxime,Marie,2,570
Johannes,Joannis,2,570
Antonia,Anton,2,570
Reinder,Reinders,1,570
Suzanna,Susanna,1,567
Maria,Amalia,2,567
Julia,Juliana,2,564
Janna,Jans,2,561
Hindriks,Hindrik,1,561
Marit,Kari,2,561
Emilie,Amalie,2,558
Julie,Juliane,2,555
Wilhelmina,Wilhelmine,1,555
Fay,Mary,2,552
Aaltje,Jantje,2,552
Hanna,Hans,2,552
Margareta,Margaretha,1,549
Andries,Andreas,2,549
Milie,Marie,2,546
Miguel,Manuel,2,543
Isaiah,Sarah,2,543
Catharina,Catherine,2,537
Johann,Joan,2,537
Catherine,Catherina,1,537
Fanny,Anna,2,537
Ada,Anna,2,534
Jan,Janse,2,534
Frederik,Fredrik,1,531
Klazes,Klaas,2,531
Christiana,Christian,1,528
Elsje,Elsie,1,528
Isabella,Isabel,2,525
Marie,Marc,2,525
Martn,Mara,2,522
Ward,Mary,2,519
Hanna,Johanna,2,516
Bernardus,Gerardus,2,513
Christine,Christiane,1,513
Esther,Hester,2,510
Minnie,Annie,2,510
Christian,Christiaan,1,507
Annetje,Jannetje,1,507
Emory,Mary,2,507
Susara,Susanna,2,507
Hendrikje,Hendrik,2,504
Cornelia,Cornelisz,2,504
Daniel,Danil,1,504
Roelof,Roelf,1,501
Maja,Maria,2,501
Gerrit,Gerritje,2,501
Rd,Nm,2,501
Liisa,Kaisa,2,498
Edna,Ida,2,495
Isak,Lisa,2,495
Eileen,Ellen,2,495
Willem,Wilhelm,2,495
Carl,Clara,2,492
Ane,Anna,2,492
Ole,Ane,2,489
Manuel,Manuela,1,489
Nicolas,Nicols,1,486
Nr,Rd,2,486
Marie,Marg,2,486
Johan,Jon,2,486
Theodora,Theodorus,2,486
Alma,Emma,2,486
Emery,Mary,2,486
Ida,Eva,2,483
Jans,Jansen,2,483
Francis,Francois,1,483
Martin,Marit,2,483
Klaasje,Klaas,2,483
Neeltje,Leentje,2,480
Wilmelm,Wilhelm,1,480
Rd,Nr,2,480
Karl,Mary,2,477
Margarethe,Margaretha,1,474
Francoise,Franois,2,474
Maria,Mariano,2,474
Jos,Joo,1,474
Luisa,Louise,2,471
Heinrich,Henrica,2,468
Friedrich,Friederich,1,468
Sofia,Sophia,2,468
Arie,Ariens,2,468
Geertruida,Geertruid,1,468
Marit,Mali,2,468
Jansz,Jansdr,2,465
Josephus,Joseph,2,465
Susanna,Susan,2,462
Wayne,Jane,2,462
Kirstine,Kirsten,2,459
Marc,Marie,2,459
Erik,Eric,1,456
Wilhelmus,Wilhelm,2,456
Johnsen,Jonsen,1,456
Nilsen,Nils,2,456
Maria,Maren,2,453
Rose,Rosa,1,453
Jane,Joan,2,453
Pedro,Petra,2,453
Frederika,Frederik,1,450
Carl,Marg,2,450
Henrik,Erik,2,450
Ivar,Iver,1,450
Cornelis,Kornelis,1,450
Petra,Pedro,2,447
Mara,Marta,1,447
Harmke,Harm,2,444
Johan,John,1,444
Fredrick,Frederick,1,444
Dorothee,Dorothea,1,444
Manuela,Manuel,1,444
Gary,Mary,1,441
Fanny,Anne,2,441
Ole,Ola,1,441
Janse,Jan,2,438
Max,Mary,2,438
Mary,Maud,2,438
Edgar,Edward,2,438
Siri,Kari,2,435
Susara,Sara,2,435
Isak,Isaac,2,435
Luisa,Louis,2,432
Berit,Marit,2,432
Johannas,Johann,2,432
Paulo,Paula,1,432
Olausson,Larsson,2,432
Ida,Adam,2,432
Fredrik,Fresrick,2,432
Tryntje,Trijntje,2,432
Sape,Sabe,1,432
Marie,Mar,2,432
Matinpoika,Antinpoika,2,432
Rosaline,Rosalie,1,432
Maria,Mariae,1,429
Maria,Karin,2,429
Marie,Marin,1,429
Gerrit,Gerritse,2,426
Roelofs,Roelof,1,426
Conrad,Konrad,1,426
Pieter,Peters,2,426
Frederik,Frederick,1,426
Adriaan,Adriaen,1,426
Johan,Johanne,2,426
Elin,Erik,2,423
Marinus,Martinus,1,423
Christian,Christiana,1,423
Antonius,Antonia,2,420
Leon,Jean,2,420
Adriana,Adriaen,2,420
Olsdatter,Jonsdatter,2,420
Mary,Mae,2,417
Manuel,Miguel,2,417
Maria,Arie,2,417
Phoebe,Phebe,1,414
Lemuel,Samuel,2,414
Frederick,Fredrick,1,414
Roelof,Roelofje,2,414
Engeltje,Neeltje,2,414
Gerrit,Gert,2,414
Anders,Andreas,2,414
Maren,Sren,2,411
Mariano,Maria,2,411
Lewis,Louis,2,408
Amalie,Marie,2,408
Jens,Jensen,2,408
Gerrit,Gerritsz,2,408
Sara,Mara,1,408
Kristian,Christian,2,408
Niels,Nielsen,2,405
Martinus,Marthinus,1,402
Susie,Susan,2,402
Angelique,Anglique,1,402
Arne,Marie,2,402
Helen,Helena,1,399
Aaltje,Antje,2,399
Anna,Elna,2,396
Olaf,Ole,2,396
Joanna,Johanna,1,396
Antje,Aaltje,2,393
Ann,Amy,2,393
Michael,Michiel,1,393
Robert,Roger,2,393
Hendrik,Hendrica,2,393
Marion,Maria,2,393
Elisabeth,Elisabet,1,393
Carolina,Karolina,1,393
Clara,Laura,2,393
Dorothy,Dorothea,2,393
Hendrik,Hindriks,2,390
Elisabet,Elisabeth,1,390
Marit,Arnt,2,390
Margaretha,Margreth,2,387
Karl,Paul,2,387
Ann,Fanny,2,387
Stoffer,Stoffers,1,384
Trijntje,Weijntje,2,384
Olufine,Oline,2,384
Ijsbrand,Ijsbrants,2,384
Ijsbrand,Ijsbrant,1,384
Ijsbrands,Ijsbrant,2,384
Aaltje,Kaatje,2,384
Ijsbrands,Ijsbrants,1,384
Aartsz,Aart,2,384
Lusie,Lusia,1,384
Matintytr,Martintytr,1,384
Abraham,Abrahamsz,2,384
Katherina,Catherin,2,384
Cornelisje,Cornelis,2,384
Maria,Mariela,2,384
Pabla,Paula,1,384
Berend,Berents,2,384
Lourens,Louris,2,384
Teunke,Teunes,2,384
Ane,Arnt,2,384
Joris,Jorizn,2,384
Jensdatter,Ldensdatter,2,384
Berthe,Dorthe,2,384
Cornelisz,Cornelia,2,384
Janne,Ane,2,384
Ahne,Anne,1,384
Gertrude,Gertruit,2,384
Jozef,Jozefa,1,384
Verne,Serine,2,384
Gelkes,Gelke,1,384
Pieters,Peters,1,384
Hiltje,Hilje,1,384
Martis,Marten,2,384
Willemipje,Willempje,1,384
Marit,Marta,2,384
Catrine,Catharine,2,384
Jantje,Jaantje,1,384
Jansje,Jentje,2,384
Ariaantje,Aryaantje,1,384
Jansje,Jans,2,384
Marcela,Marcelo,1,384
Johansen,Jonsen,2,384
Waling,Walings,1,384
Anna,Hannu,2,384
Derks,Derk,1,384
Joy,John,2,384
Janna,Jansz,2,384
Kornelisje,Kornelis,2,384
Lambertus,Lambert,2,384
Eildert,Eilderts,1,384
Marthea,Marta,2,384
Anderdatter,Andersdatter,1,384
Phebe,Phoebe,1,384
William,Willem,2,384
Aelbertsz,Aelbert,2,384
Michel,Machiel,2,384
Danil,Danils,1,384
Nathan,Jonathan,2,384
Warner,Warners,1,384
Martha,Bertha,2,381
Isaac,Izaak,2,381
Ren,Jean,2,381
Mary,Earl,2,381
Roger,Robert,2,381
Gerrit,Garrit,1,378
Ethel,Esther,2,378
Peder,Peter,1,378
Diedrich,Friedrich,2,378
Hendrikus,Hendrika,2,378
Mary,Karl,2,378
Friedrich,Friederica,2,375
Herman,Hermann,1,375
Ernest,Ernst,1,372
Rudolph,Rudolf,2,372
Roger,Rose,2,372
Adeline,Madeleine,2,369
Eric,Erik,1,366
Emil,Emilie,2,366
Olga,Ole,2,366
Andreas,Andries,2,366
Tjeerds,Tjeerd,1,363
Arend,Arents,2,360
Leendert,Leenderts,1,360
Henrik,Henrich,2,360
Marie,Milie,2,360
Henrich,Heinrich,1,357
Sjoerds,Sjoerd,1,357
Johanne,Johan,2,357
Geert,Gerrit,2,357
Nr,Nm,1,354
Bernard,Bernhard,1,354
Magdeleine,Madeleine,1,354
Lee,Mae,2,354
Jelles,Jelle,1,354
Henry,Henri,1,354
Joo,Jos,1,354
Frantika,Frantiek,2,354
Christina,Christiana,1,354
Matthew,Mathew,1,351
Alice,Olive,2,348
Dirkje,Dirk,2,348
Pietersz,Pieters,1,348
Jannes,Jans,2,345
Joseph,Josefa,2,345
Susanne,Susanna,1,345
Anne,Andr,2,345
Karin,Maria,2,342
Eva,Ida,2,342
Carrie,Harriet,2,342
Katharine,Catharina,2,339
Johannis,Johannes,1,339
Elisabetha,Elizabeth,2,339
Matas,Mara,2,339
Sarah,Isaiah,2,336
Antje,Kaatje,2,336
Frederik,Frederika,1,336
Wiliam,William,1,336
Ruby,Lucy,2,336
Cornelisse,Cornelisdr,2,336
Gustaf,Gustav,1,336
Arisen,Arissen,1,336
Kari,Karen,2,336
Mathew,Matthew,1,333
Rachel,Rachael,1,333
Joannes,Joannis,1,333
Annes,Anne,1,330
Rr,Rd,1,330
Ole,Else,2,330
Gustav,Gustaf,1,327
Arij,Maria,2,327
Francoise,Franoise,1,327
Anthony,Anton,2,327
Bernhard,Bernard,1,327
Frans,Fransz,1,327
Diedrich,Diederich,1,324
Eliza,Elijah,2,324
Jan,Mans,2,324
Frederick,Frederic,1,324
Margrete,Margrethe,1,324
Karl,Karen,2,321
Josephte,Josephe,1,321
Jesse,Jessie,1,321
Martens,Marten,1,321
Hendrikus,Henricus,2,321
Erik,Berit,2,318
Mdric,Marie,2,318
Adrian,Adriaan,1,318
Edna,Ella,2,318
Alexandrine,Alexandre,2,318
Frederikke,Frederik,2,318
Suzana,Susanna,2,318
Male,Mary,2,318
Larry,Mary,2,318
Perry,Henry,2,318
Fanny,Nancy,2,315
Claesz,Claas,2,315
Lily,Emily,2,315
Clarence,Florence,2,315
Anne,Annes,1,315
Elen,Ole,2,315
Inga,Anna,2,315
Edna,Ada,2,315
Anna,Annae,1,312
Anna,Nn,2,312
Giovanna,Giovanni,1,312
Julius,Julie,2,312
Karen,Sren,2,312
Rachael,Rachel,1,309
Antonie,Anthonie,1,309
Michael,Michel,1,309
Catharina,Catrina,2,309
Mack,Mary,2,309
Maria,Arij,2,309
Per,Pehr,1,309
Marie,Martine,2,306
Johanna,Hanna,2,306
Anders,Andersen,2,306
Harmens,Harmen,1,303
Douwes,Douwe,1,303
Jelle,Jelles,1,303
Margaretha,Margaret,2,303
Mario,Maria,1,300
George,Georgia,2,300
Emma,Jemima,2,300
Elizabeth,Elizabetha,1,300
Mary,Maren,2,300
Andre,Anne,2,300
Katherine,Katharina,2,300
Elna,Anna,2,300
Patricia,Patrick,2,300
Adolf,Adolph,2,300
Hendrika,Hendrina,1,300
Mogensen,Mogens,2,300
Karen,Kari,2,300
Maria,Carin,2,300
Wilfred,Alfred,2,297
Hardy,Mary,2,297
Elmer,Ellen,2,297
Olive,Oliver,1,297
Mae,May,1,297
Willa,William,2,297
Isabelle,Isabella,1,291
Marion,Martin,2,291
Mae,Marie,2,291
Gerritsz,Gerrit,2,291
Dirks,Dirk,1,291
Emma,Ella,2,291
Hansdotter,Johansdotter,2,288
Carmel,Carmen,1,288
Hendriks,Henrik,2,288
Sieger,Siegers,1,288
Willebord,Willeboords,2,288
Grietje,Trientje,2,288
Kornelia,Cornelis,2,288
James,Jannes,2,288
Fokke,Fokken,1,288
Berta,Brita,2,288
Mackenzie,Mckenzie,1,288
Everts,Evert,1,288
Ytie,Wytze,2,288
Vita,Rita,1,288
Marguerie,Marguerite,1,288
Tjabel,Tjabels,1,288
Lodewijk,Lodewijna,2,288
Matti,Hetti,2,288
Juriene,Jurie,2,288
Ytie,Yfke,2,288
Fredrik,Fredrika,1,288
Jos,Yns,2,288
Born,Joan,2,288
Allen,Ellen,1,285
William,Wiliam,1,285
Marion,Marie,2,285
Frantiek,Frantika,2,282
Antonia,Antonius,2,282
Aina,Anna,1,282
Jacobsz,Jacobs,1,282
Johnie,John,2,282
Hans,Mads,2,279
Simon,Sijmon,1,279
Lena,Helena,2,279
Cruz,Luz,2,279
Petter,Peter,1,279
Derk,Derks,1,279
Helene,Helena,1,279
Johannis,Johanna,2,276
Jose,Josef,1,276
Erika,Brita,2,276
Mria,Maria,1,276
Erik,Henrik,2,276
Francesco,Francesca,1,276
Joane,John,2,276
Willem,William,2,276
Albertus,Albert,2,276
Maren,Maria,2,276
Peter,Petter,1,276
Christiana,Christiane,1,276
Aage,Ane,2,273
Janna,Johanna,2,273
Alexandra,Alexander,2,273
Berend,Berends,1,273
Tomasa,Toms,2,273
Margrethe,Magrethe,1,273
Rene,Anne,2,273
Mathias,Matthias,1,273
Curt,Carl,2,273
Konstantin,Constantin,1,270
Charles,Charlie,2,270
Stephanus,Stefanus,2,270
Asa,Anna,2,270
Carolina,Caroline,1,270
Caroline,Karoline,1,267
Fredrik,Frederik,1,267
Etienne,Tienne,1,267
Eliza,Elisha,2,267
Marius,Maria,2,267
Jakobus,Jacobus,1,267
Margret,Margaret,1,267
Bernard,Gerhard,2,264
Asa,Ann,2,264
Erna,Anna,2,264
Fokkes,Fokke,1,264
Matts,Mats,1,264
Leenderts,Leendert,1,264
Arie,Arij,1,264
Mae,Lee,2,264
Solomon,Salomon,1,264
Elsje,Elsien,2,261
Edmond,Edmund,1,261
Roelfs,Roelf,1,261
Karl,Sara,2,258
Francisca,Francis,2,258
Dirk,Dirks,1,258
Elsa,Eva,2,255
Jonathan,Nathan,2,255
Sjoerd,Sjoerds,1,255
Hendrika,Hendrica,1,252
Arij,Arie,1,252
Margaret,Margret,1,252
Henriette,Henrietta,1,252
Reinders,Reinder,1,249
Marinus,Marinusse,2,249
Emil,Emma,2,249
Joao,Jose,2,249
Maria,Marta,1,249
Theresa,Theresia,1,249
Christine,Christen,2,249
Jos,Josef,2,249
Isaac,Issac,1,249
Norma,Norman,1,249
Marie,Mae,2,246
Katherine,Catharine,2,246
Margaretha,Margareta,1,246
Lee,Levi,2,246
Margareta,Margeta,2,246
Sophia,Sofia,2,246
George,Georges,1,246
Wessel,Wessels,1,246
Elsie,Jessie,2,246
Margaretha,Margarethe,1,246
Lea,Jean,2,246
Theodorus,Theodora,2,246
Cathrina,Catharina,1,246
Mannes,Mans,2,243
Annie,Minnie,2,243
Christiana,Christina,1,243
Geert,Geertje,2,243
Ruth,Hugh,2,243
Adam,Adams,1,243
Magaretha,Margaretha,1,243
Cary,Mary,1,243
Pietersz,Pietersdr,2,240
Josef,Jozef,1,240
Dirk,Dirkje,2,240
Izak,Izaak,1,240
Christen,Christian,2,240
Ignacia,Ignacio,1,240
Lars,Carl,2,240
Lovisa,Lisa,2,240
Francesca,Francesco,1,240
Larsen,Madsen,2,240
Filippus,Philippus,2,240
Gertrud,Gertrudis,2,240
Herman,Hermina,2,240
Caterina,Catharina,2,240
Karin,Karen,1,240
Hubert,Robert,2,240
Berends,Berend,1,237
Cornelisd,Cornelis,1,237
James,Jabez,2,237
Marthina,Marthinus,2,237
Matias,Maria,2,237
Eva,Ada,2,234
Bernhard,Gerhard,2,234
Antonino,Antonina,1,234
Martin,Maren,2,234
Harm,Harmen,2,234
Jose,Joao,2,234
Geertje,Geesje,2,231
Jo,John,2,231
Joan,Johann,2,231
Carel,Karel,1,231
Simon,Simons,1,231
Willemina,Wilhelmina,2,231
Joe,Jose,1,228
Carl,Paul,2,228
Christiane,Christine,1,228
Elizabetha,Elizabeth,1,228
Leslie,Jessie,2,228
Aukje,Antje,2,228
Frederic,Frederick,1,228
Marinus,Marinusz,1,228
Jacobus,Jacobs,1,228
Therese,Thrse,2,228
Pieter,Pieterse,2,228
Josephe,Josephte,1,228
Gerhard,Bernhard,2,225
Martin,Marta,2,225
Geertruida,Gertruida,1,225
Harmen,Harmens,1,225
Evertsz,Evert,2,225
Evert,Everts,1,225
Issac,Isaac,1,225
Harley,Charles,2,225
Lars,Sara,2,225
Willemsdr,Willems,2,222
Son,Ann,2,222
Louws,Lauw,2,222
Erika,Erik,1,222
Auguste,Augusta,1,222
Marina,Maria,1,222
Josef,Jos,2,219
Catherina,Catherine,1,219
Bernardus,Bernhardus,1,219
Jabez,James,2,219
Oline,Ole,2,219
Kristina,Christina,2,219
Emma,Emil,2,219
Hendrik,Hendrikus,2,219
Carolyn,Caroline,2,219
Laura,Lars,2,219
Katharina,Katherina,1,219
Johannus,Johannes,1,219
Jurie,Jre,2,216
Joan,Joran,1,216
Johan,Joran,1,216
Kasimir,Casimir,1,216
Victorine,Victoire,2,216
Lucie,Julie,2,216
Jennie,Annie,2,216
Gerhardus,Bernhardus,2,216
Henri,Henry,1,216
Ida,Lisa,2,216
Johannas,Johannes,1,216
Jantina,Jantin,1,216
Philip,Philipp,1,216
Ate,Ates,1,216
Catharina,Cathariena,1,216
Rd,Hj,2,216
Abraham,Abram,2,216
Neas,Aeneas,2,216
Pieters,Pieterse,1,216
Martine,Marie,2,213
Maria,Marit,1,213
Catarina,Catharina,1,213
Jeanne,Joannes,2,213
Elisabeth,Lisabeth,1,213
Hinrich,Heinrich,1,213
Erik,Emil,2,213
Jacobse,Jacob,2,213
Rosa,Jose,2,210
Edmund,Edmond,1,210
Jouws,Jouw,1,210
Edna,Eva,2,210
Gerhardus,Bernardus,2,210
Luisa,Luis,1,210
Ann,Asa,2,210
Fannie,Fanny,2,210
Anna,Asa,2,210
Kay,Mary,2,210
Julia,Julius,2,207
Norah,Sarah,2,207
Antonina,Antonino,1,207
Maria,Garcia,2,207
Jeanie,Jane,2,207
Bernard,Bernardus,2,207
Francis,Franois,1,207
Dale,Jane,2,207
Magdalene,Magdalena,1,207
Adrian,Adriana,1,207
Anni,Anna,1,204
Marco,Mara,2,204
Christiaan,Christian,1,204
Samuel,Lemuel,2,204
Rafaela,Rafael,1,204
Willie,Sallie,2,204
Marthinus,Marthina,2,204
Sally,Polly,2,204
Aukje,Baukje,1,204
Claesz,Claes,1,204
Karolina,Karoline,1,204
Matthias,Mathias,1,204
Mari,Marit,1,201
Henrica,Henricus,2,201
Dawid,David,1,201
Gsta,Gustaf,2,201
Giovanni,Giovanna,1,201
Peter,Per,2,201
Nicholas,Nicolas,1,201
Willemse,Willem,2,201
Charley,Charles,1,201
Albert,Hubert,2,201
Karel,Carel,1,201
Ann,Hans,2,201
Anna,Hanne,2,198
Hester,Esther,2,198
Jacob,Jakobs,2,198
Hans,Hanss,1,198
Mariah,Maria,1,198
Roy,May,2,198
Jack,Jacob,2,198
Anna,Annika,2,198
Ida,Ada,1,198
Rr,Nr,1,198
Emil,Erik,2,198
Lewis,Levi,2,198
Harms,Harmen,2,198
Hendrika,Hendrikus,2,198
Hendrika,Hindrik,2,198
Matts,Matti,1,198
Ole,Eli,2,195
Fred,Alfred,2,195
Hans,Jan,2,195
Kurt,Karl,2,195
Hannah,Hanna,1,192
Theodoor,Theodora,2,192
Nicolas,Nicolasa,1,192
Margaretha,Margaritha,1,192
Hendrikjen,Hendrikje,1,192
Marinusdr,Marinusz,2,192
Bastiaan,Bastiaanse,2,192
Marten,Martje,2,192
Svend,Even,2,192
Anun,Knut,2,192
Marit,Maritte,2,192
Beert,Geert,1,192
Arie,Ariesz,2,192
Barendse,Barends,1,192
Klaas,Klaasen,2,192
Marchien,Margien,2,192
Klaasje,Kaatje,2,192
Dirksje,Dirkje,1,192
Durk,Dirk,1,192
Hazel,Mabel,2,192
Ijsbrandszn,Ijsbrandsdr,2,192
Anotonio,Antonio,1,192
Anotonio,Antonia,2,192
Niesje,Geesje,2,192
Inger,Ingjer,1,192
Matts,Mait,2,192
Martta,Maria,2,192
Enne,Ennes,1,192
Aelbertse,Aelbertsen,1,192
Eltjen,Eltje,1,192
Albertje,Alberts,2,192
Elsje,Eltje,1,192
Albert,Alderts,2,192
Gustaf,Gustafva,2,192
Matia,Marit,2,192
Lidewij,Liedewij,1,192
Aickes,Aicke,1,192
Geert,Geerd,1,192
Melite,Amelie,2,192
Tammo,Tamme,1,192
Wicher,Wijcher,1,192
Teens,Teen,1,192
Melee,Amelie,2,192
Jenny,Henry,2,192
Sina,Anna,2,192
Sina,Josina,2,192
Elmer,Elie,2,192
Willam,William,1,192
Adele,Adelia,2,192
Lucas,Lukas,1,192
Wiecher,Wijcher,1,192
Srensen,Jensen,2,192
Sten,Tosten,2,192
Mons,Jon,2,192
Ulrikke,Ulrique,2,192
Larssen,Laursen,2,192
Rosa,Rosala,2,192
Gunlik,Gunleik,1,192
Bruine,Bruinen,1,192
Amudsdatter,Knudsdatter,2,192
Martta,Matti,2,192
Francis,Francisca,2,192
Jan,Job,2,192
Laurs,Laurits,2,192
Neeltje,Engeltje,2,192
Gurina,Guri,2,192
Margaritha,Margaretha,1,192
Tonis,Tonisse,2,192
Ane,Hake,2,192
Allagonda,Alagonda,1,192
Jaapje,Kaatje,2,192
Christiane,Christiana,1,189
Annie,Fannie,1,189
Mary,Ray,2,189
Carl,Cora,2,189
Mrta,Maria,2,189
Phillip,Philipp,2,189
Jean,Johan,2,189
Michiel,Michael,1,189
Jacoba,Jacobs,1,186
Joe,Jane,2,186
Carey,Mary,2,186
Marten,Martens,1,186
Ester,Esther,1,186
Belle,Ellen,2,186
Jules,Julien,2,186
Anglique,Angelique,1,186
Fritz,Franz,2,186
Alan,Ann,2,186
Michel,Michael,1,186
Ole,Oline,2,186
Charlotte,Charlotta,1,186
Jamie,James,2,186
Luz,Luis,2,186
Eve,Eva,1,183
Olea,Ole,1,183
Augustine,Auguste,2,183
Hendricus,Henricus,1,183
Magdelena,Magdalena,1,183
Hendrica,Hendrik,2,183
May,Mae,1,183
William,Willam,1,183
Augustine,Augustin,1,183
Klara,Clara,1,183
Jean,Juan,1,183
Teunisz,Teunis,1,183
Willem,Willemse,2,183
Marie,Marius,2,183
John,Joe,2,183
Ina,Ann,2,183
Eliza,Elias,2,183
Susanna,Susanne,1,183
Laura,Sara,2,180
Florence,Clarence,2,180
Anna,Fanny,2,180
Inga,Inger,2,180
Eloff,Elof,1,180
Nina,Anna,2,180
Ferdinand,Ferdinanda,1,180
Charles,Charley,1,180
Catharina,Catarina,1,180
Rudolf,Rudolph,2,180
Vilhelm,Wilhelm,1,180
Ada,Ida,1,177
Lula,Lucy,2,177
Domenico,Domenica,1,177
Baby,Mary,2,177
Ariens,Arien,1,177
Antje,Jantje,1,177
Fannie,Annie,1,177
Mlanie,Marie,2,177
Antonie,Antonia,1,177
Esther,Ester,1,177
Faye,Jane,2,177
Jan,Janke,2,177
Christen,Christine,2,177
Mary,Hardy,2,177
June,Jane,1,177
Maria,Marco,2,177
Hendrina,Hendrika,1,177
Hanna,Hannah,1,174
Leendertsz,Leendert,2,174
Jantje,Antje,1,174
Georgie,George,1,174
Carel,Carl,1,174
Jakob,Jacobs,2,174
Allan,Ellen,2,174
Cora,Clara,2,174
Joannes,Jeanne,2,174
Gijsbert,Gijsberts,1,174
Bessie,Jesse,2,174
Eva,Levi,2,174
Kari,Lars,2,174
Frederick,Friederich,2,174
Marian,Maria,1,174
Hendrick,Hendrik,1,174
Edna,Edgar,2,171
Ella,Eva,2,171
Agnes,Agness,1,171
Albert,Albertus,2,171
Eliza,Eli,2,171
Arend,Arends,1,171
Catharina,Cathrine,2,171
Luis,Luisa,1,171
Freerks,Freerk,1,171
Eli,Eliza,2,171
Karolina,Carolina,1,171
Hendrik,Hendrick,1,171
Josepha,Josephus,2,171
Frederik,Frederikke,2,171
Roy,Rose,2,171
Adriaan,Adrian,1,171
Jerry,Henry,2,171
Salomina,Jacomina,2,168
Marcy,Mary,1,168
Eva,Ella,2,168
Clara,Cora,2,168
Franois,Francoise,2,168
Hendriksz,Hendrik,2,168
Elbert,Robert,2,168
Fredrick,Friedrich,2,168
Jonathon,Jonathan,1,168
Konrad,Conrad,1,168
Johan,Jran,2,168
Friedrich,Diedrich,2,168
Lammerts,Lammert,1,168
Cecil,Cecilia,2,168
Angle,Anne,2,168
Andre,Andr,1,168
Antje,Anne,2,168
Hlne,Anne,2,168
Johan,Joan,1,168
Julia,Julie,1,168
Marit,Mari,1,168
Adolph,Adolf,2,168
Charlotta,Charlotte,1,165
Selina,Eliza,2,165
Catharina,Cathrina,1,165
Lawrence,Laurence,1,165
Leonard,Bernard,2,165
Mrta,Brita,2,165
Hendrikus,Hendricus,1,165
Manuel,Manoel,1,165
Ray,May,1,165
Anna,Karna,2,165
Isabella,Izabella,1,165
Kristine,Kirstine,2,165
Jonas,Jon,2,165
Marie,Maxime,2,165
Anna,Ana,1,165
Marco,Maria,2,165
Gesina,Gezina,1,165
Sydney,Sidney,1,162
Steven,Stephen,2,162
Lula,Julia,2,162
Gerhard,Bernard,2,162
Eugene,Eugenia,2,162
Julius,Julia,2,162
Hinrich,Henrich,1,162
Bernardus,Gerhardus,2,162
Simon,Simonsz,2,162
Franciszek,Franciszka,2,162
Margaretta,Margaret,2,162
Brita,Greta,2,162
Roy,Rosa,2,162
Ida,Ira,1,159
Margretha,Margaretha,1,159
Maud,Maude,1,159
Hessels,Hessel,1,159
Aletta,Alletta,1,159
Lieuwes,Lieuwe,1,159
Pauline,Paulina,1,159
Pehr,Per,1,159
Jan,Hans,2,159
Sara,Lars,2,159
Geertje,Geert,2,159
Janke,Jan,2,159
Morten,Maren,2,159
Auguste,Augustin,2,159
Gertruida,Geertruyda,2,159
Jehu,John,2,156
Johannes,Jannes,2,156
Kari,Guri,2,156
Hubertus,Hubert,2,156
Ray,Mae,2,156
May,Maud,2,156
Rene,Ren,1,156
John,Jehu,2,156
Ellen,Ella,2,156
Earl,Carl,1,156
Lula,Laura,2,156
Ferdinand,Ferdinando,1,156
Etta,Emma,2,156
Claire,Clara,2,153
Lillias,William,2,153
Mads,Hans,2,153
Lillian,Lillie,2,153
Catharina,Katarina,2,153
Madsen,Mads,2,153
Charlene,Charles,2,153
Hans,Ann,2,153
Madeleine,Magdeleine,1,153
Karin,Marit,2,153
Hermann,Herman,1,153
Helen,Allen,2,153
Catherine,Katherina,2,153
Jzefa,Jzef,1,150
Georges,George,1,150
Gerarda,Gerardus,2,150
Gerhardus,Gerardus,1,150
Mina,Anna,2,150
Carol,Carl,1,150
Gijsberts,Gijsbert,1,150
Gustava,Gustaf,2,150
Guy,Lucy,2,150
Albert,Gilbert,2,150
Nils,Nilsen,2,150
Omar,Mary,2,150
Arjens,Arjen,1,150
Henrietta,Henriette,1,150
Jansd,Jan,2,150
Arend,Arent,1,150
Maude,Marie,2,150
Lucy,Luke,2,150
Edward,Edgar,2,150
Douwe,Douwes,1,150
Holm,Ole,2,150
Polly,Sally,2,150
Anne,Agns,2,147
Lena,Eva,2,147
Rene,Rose,2,147
Larsen,Maren,2,147
Joann,John,2,147
Berend,Berent,1,147
Ole,Oluf,2,147
Marit,Berit,2,147
Catherine,Katharine,2,147
Lukas,Lucas,1,147
Paul,Paulus,2,147
Tjerks,Tjerk,1,147
Michiel,Michel,1,147
Moise,Louise,2,147
Madsen,Larsen,2,144
Madsdatter,Larsdatter,2,144
Aaltgen,Aaltje,2,144
Jens,Jane,2,144
Caspar,Casper,1,144
Gerardus,Gerardi,2,144
Aagtje,Martje,2,144
Michelss,Michel,2,144
Huijge,Huijgen,1,144
Ymkje,Yfke,2,144
Byrdie,Byrd,2,144
Carlos,Carl,2,144
Moise,Rose,2,144
Kari,Marit,2,144
Izak,Isak,1,144
Per,Peter,2,144
Jacoba,Jacobsz,2,144
Willems,Willemsz,1,144
Mari,Kari,1,144
Martin,Martino,1,144
Vincenza,Vincenzo,1,144
Nr,Hj,2,144
Vincenzo,Vincenza,1,144
Klaasz,Claas,2,144
Margaretha,Margrietha,2,144
Nicolas,Nicholas,1,144
Josua,Josina,2,144
Josph,Joseph,1,144
Nanne,Nannesz,2,144
Geugjes,Geuchjes,2,144
Anna,Alma,2,144
Maria,Mariah,1,144
Lodewika,Lodewica,1,144
Mattie,Marie,2,144
Gaspard,Gasparus,2,144
Louwisa,Louws,2,144
Elsie,Bessie,2,141
Julian,Juan,2,141
Jzef,Jzefa,1,141
Arends,Arend,1,141
Jantje,Martje,2,141
Hendrika,Hendrikje,2,141
Janke,Jans,2,141
Katharine,Catherine,2,141
Barendse,Barend,2,141
Ages,Age,1,141
Niels,Nils,1,141
Williams,William,1,141
Hester,Peter,2,141
Cornelisz,Cornelisse,2,141
Ana,Anna,1,141
Marie,Valrie,2,141
Edward,Howard,2,141
Marie,Mariane,2,138
Edna,Lena,2,138
Karl,Klara,2,138
Arnold,Arnoldus,2,138
Arne,Anna,2,138
Marie,Marion,2,138
Willliam,William,1,138
Peter,Hester,2,138
Rosa,Rose,1,138
Paula,Pablo,2,138
Alta,Anna,2,138
Herman,Hermanus,2,138
Mark,Maria,2,138
William,Lillias,2,138
Christine,Christiana,2,138
Nancy,Fanny,2,138
Ada,Adam,1,138
August,Augustus,2,135
Amada,Mara,2,135
Helena,Lena,2,135
Elna,Ola,2,135
Abels,Abel,1,135
Barry,Mary,2,135
Antje,Annetje,2,135
Ariaantje,Ariaentje,1,135
Anne,Rene,2,135
Juliana,Juana,2,135
Jans,Jannes,2,135
Matilda,Mathilda,1,135
Georg,Jerg,2,135
Janie,Jane,1,135
Adah,Sarah,2,132
Neeltje,Geertje,2,132
Marille,Marie,2,132
Juho,Juha,1,132
Ella,Elias,2,132
Gottlieb,Gottlob,2,132
Abraham,Abrahams,1,132
Cornelius,Cornelisse,2,132
Gertrude,Gertrud,1,132
Gustaf,Gustava,2,132
Sofie,Sophie,2,132
Kristine,Christine,2,132
Maria,Kari,2,132
John,Jose,2,132
Kirsten,Kirstine,2,132
Seth,Ruth,2,132
Isabella,Isabelle,1,132
Jantje,Jeltje,2,132
Katherina,Katharina,1,132
Claasse,Claasz,2,132
Mary,Myra,2,132
Else,Olsen,2,132
Elsie,Nellie,2,132
John,Juan,2,132
Gerardus,Bernardus,2,132
Leroy,Roy,2,132
Lisa,Caisa,2,132
Julian,Julia,1,129
Amy,Ada,2,129
Beata,Brita,2,129
Dennis,Denis,1,129
Teunisse,Teunis,2,129
Lee,Lou,2,129
Margaret,Margarethe,2,129
Jennie,Minnie,2,129
Gustava,Gustav,1,129
Antje,Aafje,2,129
Theresa,Teresa,1,129
Samual,Samuel,1,129
Salomina,Salomon,2,129
Ann,Ada,2,129
Dirksz,Dirk,2,129
Maria,Martn,2,129
Eva,Lena,2,129
Anny,Anna,1,129
Gerard,Gerardus,2,129
Ester,Peter,2,129
Trientje,Trijntje,1,129
Melles,Melle,1,129
Sabra,Sarah,2,129
Jones,James,2,126
Susanna,Suzanna,1,126
Jeanne,Joanna,2,126
Joan,Joanna,2,126
Teunis,Theunis,1,126
Martina,Marthina,1,126
Jess,Jose,2,126
Klaas,Klases,2,126
Lars,Mari,2,126
Pieters,Pietersz,1,126
Raa,Rd,2,126
Isobel,Isabel,1,126
Louisa,Lois,2,126
Anna,Ada,2,126
Claesz,Claasz,1,126
Frederica,Frederick,1,126
James,Jones,2,126
Dirk,Derks,2,126
Philippus,Phillipus,2,126
Rosala,Rosa,2,126
Amalie,Amalia,1,126
Jantien,Jantje,2,126
May,Amy,2,126
Agnes,Ane,2,126
Katharina,Katherine,2,126
Jan,Ji,2,126
Joan,Juan,1,126
Gijsbertus,Gijsbert,2,126
Theresia,Theresa,1,126
Salomon,Salomina,2,126
Roelofje,Roelof,2,126
Maria,Mari,1,126
Petrus,Petri,2,126
Bert,Robert,2,123
Paulus,Paul,2,123
Hanne,Johanne,2,123
Jay,Jane,2,123
Regina,Rosina,2,123
Arnolda,Arnoldus,2,123
Peter,Peters,1,123
Antnio,Antnia,1,123
Elizabeth,Lisabeth,2,123
Joann,Johann,1,123
Alice,Alicia,2,123
Margaret,Margaretta,2,123
Hubert,Albert,2,123
Ruth,Seth,2,123
Martina,Martinus,2,123
Harry,Harvey,2,123
Philipus,Philippus,1,123
Frederick,Frederica,1,123
Donna,Anna,2,123
Hilda,Ida,2,123
Julin,Juan,2,123
Sallie,Sally,2,123
Paul,Pearl,2,123
Laurence,Lawrence,1,123
Marian,Marion,1,123
Allen,Helen,2,123
Alma,Ada,2,123
Joesph,Joseph,2,123
Cecelia,Cecilia,1,123
Jacobs,Jacobus,1,123
Maria,Marx,2,123
Jan,Jansd,2,120
Jakobs,Jakob,1,120
Alva,Anna,2,120
Henry,Perry,2,120
Mara,Amada,2,120
Foppe,Foppes,1,120
Larssen,Larsson,1,120
Rose,Moses,2,120
Elinor,Eleanor,2,120
Alida,Aleida,1,120
Marta,Mria,2,120
Ina,Anna,2,120
Jane,Jeanne,2,120
Sidney,Sydney,1,120
Martina,Martha,2,120
Robert,Roberta,1,120
Hester,Ester,1,120
Lamberts,Lambert,1,120
Margaretha,Margrethe,2,120
Larsdtr,Karlsdtr,2,120
Petri,Petrus,2,120
Mari,Maren,2,120
Sikkes,Sikke,1,120
Ella,Eli,2,120
Mara,Marie,2,120
Woutersz,Wouter,2,120
Lois,Louis,1,120
Catharine,Katherine,2,120
Fokko,Fokke,1,120
Alfred,Fred,2,120
Marie,Maude,2,117
Robert,Elbert,2,117
Rosa,Rosina,2,117
Katarina,Catharina,2,117
Henricus,Hendricus,1,117
Fredrick,Frederik,2,117
Anita,Anna,2,117
Hans,Han,1,117
Wouters,Wouter,1,117
Marie,Mari,1,117
Lacy,Mary,2,117
Doris,Louis,2,117
Willie,Lillie,1,117
Anna,Edna,2,117
Paul,Earl,2,117
Davina,David,2,117
Isabell,Isabella,1,117
Rebecca,Rebeckah,2,117
Clara,Sara,2,117
Ronald,Donald,1,117
Grace,Horace,2,117
Matt,Mary,2,114
Ruby,Ruth,2,114
Hart,Mary,2,114
Maren,Morten,2,114
Gay,Mary,2,114
Amy,Amos,2,114
Joab,John,2,114
Ellen,Allen,1,114
Jannetje,Jannigje,2,114
Thomas,Thomasin,2,114
Ola,Ole,1,114
Pietersdr,Pietersz,2,114
Joanna,Joan,2,114
Adams,Adam,1,114
Folkerts,Folkert,1,114
Rebeckah,Rebecca,2,114
Ephriam,Ephraim,2,114
Nicolaas,Nicolaus,1,114
Anne,Fanny,2,114
Erik,Elin,2,114
Annie,Jennie,2,114
Jenny,Jens,2,114
Hubert,Hubertus,2,114
Marion,Marian,1,114
Early,Mary,2,114
Albertje,Albert,2,114
Ian,Jane,2,114
Sophus,Sophie,2,114
Jacob,Jacobse,2,114
Elijah,Eliza,2,114
Eelkes,Eelke,1,114
Fredrika,Frederika,1,114
Katharina,Katharine,1,114
Gerritsd,Gerrit,2,111
Andr,Anna,2,111
Trijntje,Trientje,1,111
Frederik,Fredrika,2,111
Rosina,Regina,2,111
Henri,Hendrik,2,111
Victor,Victoria,2,111
Arnt,Anne,2,111
Agnes,Magnus,2,111
Lee,Lena,2,111
Frederika,Fredrika,1,111
Gerbens,Gerben,1,111
Rena,Anna,2,111
Angelo,Angela,1,111
Ruurds,Ruurd,1,111
Lammert,Lammerts,1,111
Magdalena,Magdelena,1,111
Bethiah,Bethia,1,111
Bessie,Jessie,1,111
Anna,Hanns,2,111
Marinusse,Marinus,2,111
Lois,Louisa,2,111
Margarett,Margaret,1,111
Wilhelm,Vilhelm,1,111
Lars,Mats,2,111
Helen,Hellen,1,111
Maartensz,Maarten,2,111
Lester,Peter,2,111
Mary,Cary,1,111
Sren,Jrgen,2,111
Andreasen,Andreas,2,111
Elizabeth,Elizabet,1,111
Mae,Maude,2,111
Frederick,Frederika,2,111
Freda,Fred,1,111
Heines,Heine,1,111
Christiansen,Christensen,2,108
Eleanor,Elinor,2,108
Rr,Nm,2,108
Ana,Ins,2,108
Alma,Ella,2,108
Marie,Mattie,2,108
Ins,Ana,2,108
Jurjen,Jurjens,1,108
Philippus,Pilippus,1,108
Vicenta,Vicente,1,108
Antonia,Antonino,2,108
Edward,Edouard,2,108
Jabez,Jane,2,108
Cecilia,Sicilia,2,108
Durks,Durk,1,108
Janna,Anna,1,108
Fredrika,Frederik,2,108
Joanna,Johann,2,108
Allen,Allan,1,108
Velma,Emma,2,108
Lucie,Lucien,1,108
Margarette,Margaret,2,108
Antonius,Anthonius,1,108
Miriam,Maria,2,108
Maja,Mads,2,108
Lopold,Leopold,1,108
Mary,Ward,2,108
Casper,Caspar,1,108
Jess,Jesus,1,108
Francois,Franscois,1,108
Lodewikus,Lodewicus,1,108
Ora,Ida,2,108
Sjirks,Sjerks,1,108
Helena,Helen,1,108
Katherine,Katharine,1,108
Gert,Georg,2,108
Gerardus,Gerhardus,1,108
Gottlob,Gottlieb,2,108
Hanne,Anne,1,108
Joan,Joane,1,108
Nils,Niels,1,108
Mijntjes,Mijntje,1,105
Tomas,Thomas,1,105
Jacobus,Jakobus,1,105
Juana,Juliana,2,105
Magdalena,Magdalene,1,105
Wolters,Wolter,1,105
Katri,Matti,2,105
Wouterse,Wouter,2,105
Katharine,Katherine,1,105
Emmy,Emma,1,105
Ada,Eva,2,105
Margaretha,Margarita,2,105
Carrie,Marie,2,105
Claudia,Claude,2,105
Auke,Aukes,1,105
John,Joab,2,105
Mads,Lars,2,105
Matilda,Malinda,2,105
Rupert,Robert,2,105
Cecilia,Cecelia,1,105
Catherine,Cathrine,1,105
Karl,Karin,2,105
Marie,Marine,1,105
Earl,Pearl,1,105
Stephen,Steven,2,105
Clara,Klara,1,105
Olai,Ole,2,105
Norman,Herman,2,105
Joosten,Joost,2,102
Jessie,Jennie,2,102
Reine,Ren,2,102
Susanah,Susannah,1,102
Maren,Mari,2,102
Lillian,Lilian,1,102
Marie,Kari,2,102
Margaretha,Margarete,2,102
Friederike,Friederica,2,102
Cathrine,Catharina,2,102
Calogera,Calogero,1,102
Marie,Katie,2,102
Ruben,Reuben,1,102
Maria,Mark,2,102
Aletha,Aletta,1,102
Johanne,Hanne,2,102
Davis,David,1,102
Claesdr,Claes,2,102
Gesina,Josina,2,102
Sanna,Susanna,2,102
Aaltje,Aaltjen,1,102
Anna,Agns,2,102
Eva,Eli,2,102
Pietje,Pieter,2,102
Jakob,Jakobs,1,102
Minnie,Fannie,2,102
Abrahams,Abraham,1,102
Katharina,Catherina,2,102
Johannesen,Johannes,2,102
Malinda,Matilda,2,102
Jonathan,Jonathon,1,102
Dirk,Dirkse,2,102
Jared,James,2,102
Josephus,Josepha,2,102
Margaretha,Margritha,2,102
Peter,Pehr,2,102
Jan,Janis,2,102
Isabel,Isobel,1,99
Ola,Elna,2,99
Fransz,Frans,1,99
Anna,Anje,2,99
Ruurd,Ruurds,1,99
Johana,Johann,1,99
Marvin,Marie,2,99
Stevens,Steven,1,99
Frankie,Frank,2,99
Anna,Janna,1,99
Frederika,Fredrik,2,99
Elisabet,Elizabeth,2,99
Martha,Marthina,2,99
Leslie,Nellie,2,99
Albert,Egbert,2,99
Lois,Lewis,2,99
Louie,Louisa,2,99
Karin,Karl,2,99
Wade,Jane,2,99
Britta,Brita,1,99
Friedrike,Friedrich,2,99
Geertje,Geerts,2,99
Geertje,Neeltje,2,99
Mattheus,Matthys,2,99
Mattie,Martin,2,99
Marthe,Martha,1,99
Gerard,Gertrud,2,99
Geertje,Geertjen,1,99
Hanss,Hans,1,99
Eli,Levi,2,99
Nicolasa,Nicols,2,99
Glen,Ellen,2,99
Ada,Amy,2,99
Ara,Mary,2,99
Dina,Dirk,2,99
Margrietha,Margaretha,2,99
Susanne,Suzanne,1,96
Mait,Marit,1,96
Marinusdr,Marinus,2,96
Erik,Erich,2,96
Siri,Guri,2,96
Teunis,Thonis,2,96
Josefina,Josefa,2,96
Dirkje,Durkje,1,96
Catrina,Catharina,2,96
Adriaan,Adriaens,2,96
Gilbert,Albert,2,96
Romke,Romkes,1,96
Trijntje,Tijtje,2,96
Allert,Alles,2,96
Willem,Willemke,2,96
Melite,Emelite,1,96
Zane,Mae,2,96
Egbertje,Albertje,2,96
Mria,Marta,2,96
James,Janis,2,96
Alles,Alle,1,96
Marie,Mlanie,2,96
Eiso,Eisse,2,96
Corneliszn,Cornelis,2,96
Leendert,Leendertsz,2,96
Mariejosephine,Mariejosephte,2,96
Geertruida,Geertrui,2,96
Roelofsz,Roelofs,1,96
Nicolaas,Niclaes,2,96
Maartje,Bartje,2,96
Sjouktje,Sjoukje,1,96
Ite,Ites,1,96
Mattheus,Matthijs,2,96
Clara,Flora,2,96
Ivan,Sven,2,96
Billie,Millie,1,96
Margaretta,Margaretha,1,96
Gregoria,Gregorio,1,96
Ange,Anne,1,96
Jacob,Jakoba,2,96
Fern,Jean,2,96
Claasz,Claas,1,96
Danils,Danil,1,96
Allert,Albert,1,96
Emma,Ezra,2,96
Emelie,Emilia,2,96
Antinpoika,Hansinpoika,2,96
Gerdt,Gerd,1,96
Anthonius,Antonis,2,96
Az,Gz,1,96
Elisabetta,Elisabeth,2,96
Baptiste,Baptist,1,96
Helena,Helene,1,96
Aldert,Aalderts,2,96
Olsdatter,Johsdatter,2,96
Geert,Evert,2,96
Heinrtich,Heinrich,1,96
Katherine,Katherina,1,96
Derk,Dirks,2,96
Espinola,Espnola,1,96
Hielkje,Hiltje,2,96
Living,Irving,2,96
Sieuwke,Sieuke,1,96
Hiltje,Jeltje,2,96
Juana,Justa,2,96
Hindrik,Hendrik,1,96
Beert,Beerts,1,96
Antonia,Antony,2,96
Antonia,Antonis,1,96
Eltie,Eltje,1,96
Onne,Anne,1,96
Walingse,Waling,2,96
Jantina,Janna,2,96
Martel,Marie,2,96
Eva,Eve,1,96
Augusta,Augustus,2,96
Eva,Ola,2,96
Wilhelmena,Wilhelmina,1,96
Eva,Etta,2,96
Do,Joo,2,96
Claes,Claesz,1,96
Suzanna,Sosanna,2,96
Eula,Paula,2,96
Samuel,Samual,1,96
Willem,Jilles,2,96
Lucia,Lucie,1,96
Teen,Teens,1,96
Henricus,Henrica,2,96
Lilian,Lillian,1,96
Alberta,Albertus,2,96
Frerik,Frerick,1,96
Eltie,Aeltien,2,96
Hindriks,Hindrick,2,96
Matje,Martje,1,96
Pieter,Pietersd,2,96
Jeltje,Hiltje,2,96
Ietje,Hiltje,2,96
Adriana,Adriaens,2,96
Ietje,Jeltje,2,96
Nilsdatter,Olsdatter,2,96
Hubrecht,Huibrecht,1,96
Phyllis,Phillip,2,96
Huijbertje,Huijberse,2,96
Antje,Betje,2,96
Johann,Johannis,2,96
Adrianus,Adriaens,2,96
Simon,Symen,2,96
Sika,Sieke,2,96
John,Joann,2,93
Eugenia,Eugene,2,93
Job,Jacob,2,93
Jakobs,Jacob,2,93
Anne,Arne,1,93
Elva,Eliza,2,93
Earnest,Ernest,1,93
Baptist,Baptiste,1,93
Carr,Mary,2,93
Calogero,Calogera,1,93
Johannesz,Johannes,1,93
Herman,Herrman,1,93
Berents,Berent,1,93
Anton,Antonia,2,93
Teresa,Theresa,1,93
Jacobs,Jakob,2,93
Frederich,Frederick,1,93
Brita,Britta,1,93
Izaak,Isaac,2,93
Thomas,Tomas,1,93
Keith,Edith,2,93
Hommes,Homme,1,93
Celia,Julia,2,93
Carl,Pearl,2,93
Paula,Paul,1,93
Adalbert,Albert,2,93
Ann,Hanna,2,93
Sara,Carl,2,93
Harry,Perry,2,93
Roy,Amy,2,93
Judith,Edith,2,93
Stephanus,Stevanus,2,93
Geertruida,Geertruij,2,93
Eva,Ira,2,93
Garrit,Gerrit,1,93
Mabel,Mae,2,93
Erck,Erk,1,93
Lars,Mads,2,93
Hindriks,Hendrik,2,93
Josephine,Josephina,1,93
Ida,Asa,2,90
Ariens,Arie,2,90
Henricus,Hendrikus,2,90
Minnie,Jennie,2,90
Janice,Jane,2,90
James,Amey,2,90
Nikolaus,Nicolaus,1,90
Rosina,Rosine,1,90
Maartens,Maarten,1,90
Mary,Lars,2,90
Dirk,Dirksz,2,90
Franoise,Francoise,1,90
Gerardus,Gerarda,2,90
Berends,Berent,2,90
Arne,Anne,1,90
Adolf,Rudolf,2,90
Ferdinanda,Ferdinando,1,90
Christopher,Christoph,2,90
Maren,Marte,2,90
Maude,Maud,1,90
Isaak,Isaac,1,90
Edward,Eduard,1,90
Daria,Mara,2,90
Jane,Mae,2,90
Anna,Lina,2,90
Eric,Erich,1,90
Valrie,Marie,2,90
Jos,Lus,2,90
Foppe,Fop,2,90
Jules,Julie,2,90
Micheal,Michael,2,90
Anna,Inga,2,90
Janet,Jannet,1,90
Bethia,Bethiah,1,90
Fredrich,Friedrich,1,90
Darcy,Mary,2,90
Vrancken,Vranck,2,90
Henry,Berry,2,90
Berte,Marte,2,90
Peter,Petri,2,90
Piers,Pier,1,90
Robert,Hubert,2,90
Barbara,Barbera,1,90
Mamie,Marie,1,90
Myra,Maria,2,90
Ottilia,Ottilie,1,90
Margaret,Margarete,1,90
Jurjens,Jurjen,1,90
Henry,Jenny,2,90
Daniels,Daniel,1,90
Velma,Ella,2,90
Rudolf,Adolf,2,87
Abes,Abe,1,87
Elizabetha,Elisabeth,2,87
Alida,Ida,2,87
Peters,Peter,1,87
Mads,Madsen,2,87
Taedes,Taede,1,87
Henrika,Henrik,1,87
Popkes,Popke,1,87
Franoise,Francois,2,87
Maartje,Aaltje,2,87
Davids,David,1,87
Ida,Edna,2,87
Leendert,Leendertse,2,87
Katie,Kate,1,87
Derk,Dirk,1,87
Julie,Julius,2,87
Bert,Albert,2,87
Horace,Grace,2,87
Karna,Hanna,2,87
Danil,David,2,87
Mary,Mack,2,87
Eugenie,Eugene,1,87
Lee,Leo,1,87
Cathrine,Catherine,1,87
Hans,Jns,2,87
Marcy,Mercy,1,87
Marij,Maria,1,87
Hendrina,Hendrica,1,87
Anje,Jantje,2,87
Hendrik,Hendrikse,2,87
Nellie,Belle,2,87
Francis,Franoise,2,87
Andriesz,Andries,1,87
Hermine,Hermann,2,84
Martje,Jantje,2,84
Hendrikse,Hendrik,2,84
Arne,Ane,1,84
Maritz,Maria,2,84
Julia,Juana,2,84
Elias,Eliza,2,84
Mandy,Mary,2,84
Maren,Marit,2,84
Flora,Clara,2,84
Lee,Leah,2,84
Clarence,Lawrence,2,84
Sara,Laura,2,84
Agns,Anne,2,84
Aukes,Auke,1,84
Sarah,Sabra,2,84
Ester,Hester,1,84
Melinda,Malinda,1,84
Friederike,Frederike,1,84
Elizabeth,Elisabet,2,84
John,Jone,2,84
Christain,Christian,2,84
Nellie,Elsie,2,84
Roelf,Roelfs,1,84
Geertruij,Geertrui,1,84
Catharine,Katharina,2,84
Frances,Francesca,2,84
Guri,Guro,1,84
Catharine,Cathrine,1,84
William,Willliam,1,84
Valentine,Valentin,1,84
Hellen,Helen,1,84
Aaltje,Aaltien,2,84
Mathys,Matthys,1,84
Ruth,Ruby,2,84
Alfreda,Alfred,1,84
Ellen,Belle,2,84
Antoni,Anthonij,2,84
Bastiaans,Bastiaan,1,81
Malinda,Melinda,1,81
Jeanie,Jean,2,81
Mamie,Maria,2,81
Betsy,Betty,1,81
Hendrik,Hendriksz,2,81
Elsa,Emma,2,81
Eliza,Selina,2,81
David,Danil,2,81
Bastiaansz,Bastiaan,2,81
Johnathan,Jonathan,1,81
Tjeerd,Tjeerds,1,81
Gommert,Gommers,1,81
Antti,Matti,2,81
Marte,Dorte,2,81
Tuomas,Thomas,1,81
James,Jared,2,81
Lisa,Lena,2,81
Marina,Mariana,1,81
Elenor,Eleanor,1,81
Rizieri,Ranieri,2,81
Ivy,Amy,2,81
Isabella,Isabell,1,81
Anne,Hlne,2,81
Ira,Hiram,2,81
Fredrik,Frederick,2,81
Anson,Ann,2,81
Margaret,Margarett,1,81
Gerben,Gerbens,1,81
Josua,Jozua,1,81
Claudine,Claude,2,81
Levi,Lewis,2,81
Antonia,Antonina,1,81
Johan,Juha,2,81
Cornelia,Kornelis,2,81
Minnes,Minne,1,81
Vera,Cora,2,81
Salmon,Salomon,1,81
Franciszka,Franciszek,2,81
Marian,Marie,2,81
Alberta,Albertha,1,81
Henricus,Henrich,2,81
Eugne,Eugnie,1,81
Jns,Hans,2,81
Hanna,Ann,2,78
Betsy,Betsey,1,78
Katherina,Catherine,2,78
Brita,Beata,2,78
Grietje,Grietien,2,78
Elma,Eliza,2,78
Las,Jos,2,78
Mary,Emory,2,78
Lebuinus,Lebuines,1,78
Joe,Lee,2,78
Fokke,Fokkes,1,78
Chana,Chaim,2,78
Aarts,Aart,1,78
Stephans,Stephanus,1,78
Lewis,Lois,2,78
Mary,Jay,2,78
Vera,Eva,2,78
Marie,Carrie,2,78
Christina,Kristina,2,78
Ariensz,Ariens,1,78
Karin,Malin,2,78
Ariensdr,Ariens,2,78
Mark,Marie,2,78
Henrik,Henric,1,78
Berta,Bertha,1,78
Maud,May,2,78
Freerk,Freerks,1,78
Clarice,Clarence,2,78
Hinderk,Hindrik,2,78
Alicia,Alice,2,78
Dorthea,Dorthe,1,78
Jans,Janke,2,78
Juan,Jean,1,78
Ernst,Ernest,1,78
Jannet,Janet,1,78
Arijsz,Arij,2,78
Ann,Jan,2,78
Pearl,Perry,2,78
Fannie,Jennie,2,78
Nicolaus,Nikolaus,1,78
Debora,Deborah,1,78
Edwina,Edwin,1,78
Vincent,Vincenzo,2,78
Margjen,Martjen,1,78
Olaf,Olof,1,78
Bastiaan,Bastiaansz,2,78
Rudolph,Adolph,2,78
Henderika,Hendriks,2,78
Karna,Anna,2,78
Hendrika,Hendriks,1,78
Margarethe,Margretha,2,78
Arnt,Arent,1,78
Jouw,Jouws,1,75
Maris,Maria,1,75
Joo,Jose,2,75
Maria,Faria,1,75
Michel,Michelle,2,75
Teunis,Teunisz,1,75
Jon,Johan,2,75
Machiel,Michiel,1,75
Petrea,Peter,2,75
Stella,Ella,2,75
Lois,Louise,2,75
Juan,Julin,2,75
Petter,Peder,2,75
Marie,Marte,1,75
Muriel,Marie,2,75
Pearl,Carl,2,75
Larson,Lars,2,75
Martinus,Martina,2,75
Manly,Mary,2,75
Nellie,Willie,2,75
Klausen,Klaus,2,75
Sjirks,Sjirk,1,75
Mari,Maria,1,75
Sue,Mae,2,75
Dirk,Dirck,1,75
Anne,Aase,2,75
Jas,James,2,75
Elsie,Eli,2,75
Jans,Janna,2,75
Csarie,Marie,2,75
Irma,Ida,2,75
Emma,Alma,2,75
Dale,Mae,2,75
Janna,Jannes,2,75
Ira,Ida,1,75
Garret,Gerrit,2,75
Gerhard,Gerhardus,2,75
Eliza,Elihu,2,75
Arentsz,Arent,2,75
Antoinette,Antoinetta,1,75
Gerritse,Gerrit,2,75
Cora,Ira,2,75
Christiana,Christine,2,75
Esther,Ethel,2,75
William,Williams,1,75
Jacoba,Jakob,2,75
Jacob,Job,2,75
Aryaentje,Ariaentje,1,72
Arnesen,Andesen,2,72
Arnoldus,Arnolda,2,72
Meinrad,Mainrad,1,72
Jane,Jones,2,72
Else,Elze,1,72
Jose,Josse,1,72
Ali,Ara,2,72
Hendricus,Hendrikus,1,72
Teunissen,Thonissen,2,72
Elof,Olof,1,72
Curt,Kurt,1,72
Pieterse,Pietersdr,2,72
Allan,Allen,1,72
Kaspersen,Casparsen,2,72
Ella,Alva,2,72
Hendricks,Hendrick,1,72
Roma,Emma,2,72
Matthys,Mathys,1,72
Berry,Henry,2,72
Martha,Marte,2,72
Christensen,Christiansen,2,72
Henrica,Henrich,1,72
Wesselsdtr,Wesseldtr,1,72
Jonathan,Johnathan,1,72
Jonasdotter,Johansdotter,2,72
Pieter,Piet,2,72
Terry,Henry,2,72
Lena,Levi,2,72
Maria,Mrta,2,72
Mae,Ane,2,72
Nielson,Niels,2,72
Arie,Arien,1,72
Arie,Arijen,2,72
Joann,Joan,1,72
Justa,Juana,2,72
Gerrit,Geert,2,72
Kristiaans,Kristiaan,1,72
Mary,Emery,2,72
Hermina,Herman,2,72
Carl,Earl,1,72
Arjen,Arjens,1,72
Alberta,Aletta,2,72
Jane,Jabez,2,72
Albert,Alberta,1,72
Anske,Anskes,1,72
Carla,Carl,1,72
Johanintytr,Jranintytr,2,72
Pouwelsdr,Pouwels,2,72
Heber,Peter,2,72
Susara,Susarah,1,72
Jantjen,Jantien,1,72
Vise,Edvise,2,72
Rinzes,Rinze,1,72
Mary,Rory,2,72
Claes,Claeszn,2,72
Nilsdotter,Olsdotter,2,72
Doris,Dora,2,72
Frederick,Frederich,1,72
Zahra,Ara,2,72
Georg,Gert,2,72
Rayo,Ramn,2,72
Knut,Knud,1,72
Jessie,Bessie,1,72
Lilas,Giles,2,72
Ockert,Okkert,1,72
Aaltje,Jeltje,2,72
Stephanus,Stephans,1,72
Joachem,Joachim,1,72
Hansi,Hans,1,72
Jochems,Jochemsdr,2,72
Theodor,Theodora,1,72
Hosea,Hozia,2,72
Mathijs,Matthijs,1,72
Coenrad,Coenraad,1,72
Anna,Antal,2,72
Pouwelsz,Pouwels,1,72
Hendrica,Hendrina,1,72
Oluf,Ole,2,72
Irma,Emma,2,72
Mary,Marte,2,72
Henderick,Hendrik,2,72
Anderson,Anders,2,72
Cornelisd,Cornelisz,1,72
Ludovicus,Ludovica,2,72
Emily,Emilie,2,72
Frederica,Frederik,2,72
Olsdatter,Nilsdatter,2,72
Ommundson,Omundson,1,72
Fredrik,Frederika,2,72
Egbertje,Egbert,2,72
Tobias,Tobiasz,1,72
Flora,Cora,2,72
Mamie,Mattie,2,72
Emmanuel,Emanual,2,72
Laurs,Laursen,2,72
Jennie,Fannie,2,72
Eli,Elias,2,72
Margarietha,Margaretha,1,72
Romkes,Romke,1,69
Josette,Josephte,2,69
Isabelle,Isabel,2,69
Izak,Izaac,2,69
Lars,Laurs,1,69
Maarten,Maartje,2,69
Nicolas,Nicole,2,69
Dugald,Donald,2,69
Jozua,Josua,1,69
Willem,Willemsd,2,69
Christina,Christen,2,69
Anne,Adle,2,69
Fredericka,Frederick,1,69
Elias,Elijah,2,69
Julie,Julia,1,69
Iva,Ida,1,69
Roelf,Roelof,1,69
Marthina,Martina,1,69
Nina,Ida,2,69
Soloman,Solomon,1,69
Johannah,Johanna,1,69
Lisabeth,Elisabeth,1,69
Adriaensz,Adriaen,2,69
Emilie,Emil,2,69
Jantje,Jantjen,1,69
Aukje,Aukjen,1,69
Augustus,Augusta,2,69
Alletta,Aletta,1,69
Jansz,Jans,1,69
Emma,Etta,2,69
Sipkes,Sipke,1,69
Elsie,Effie,2,69
Else,Ellen,2,69
Bernarda,Bernardo,1,69
Elma,Emma,1,69
Lawrence,Clarence,2,69
Carol,Harold,2,69
Catharine,Katharine,1,69
Ezekiel,Ezekial,1,69
Thomasin,Thomas,2,69
Nr,Kd,2,69
Joane,Joan,1,69
Delbert,Albert,2,69
Bernt,Berte,2,69
Louisa,Luise,2,69
Genevive,Genevieve,1,69
Frederika,Frederick,2,66
Raquel,Manuel,2,66
Dora,Rosa,2,66
Dirk,Derk,1,66
Cornelis,Cornelisd,1,66
Kay,Mae,2,66
Olav,Ole,2,66
Belle,Ella,2,66
Klaas,Claes,2,66
Ben,Ann,2,66
Matheus,Mathijs,2,66
Etta,Ella,2,66
Norman,Nora,2,66
Levi,Eli,2,66
Suzanne,Susanne,1,66
Catharinus,Catharina,2,66
Heinrich,Heinrig,2,66
Kaisa,Liisa,2,66
Philipp,Philip,1,66
Lou,Lee,2,66
Mary,Carey,2,66
Julien,Julie,1,66
Theresia,Therese,2,66
Leslie,Bessie,2,66
Lubberts,Lubbert,1,66
Remts,Remt,1,66
Peder,Per,2,66
Bernard,Leonard,2,66
Paul,Paula,1,66
Tammes,Tamme,1,66
Mary,Max,2,66
Domenica,Domenico,1,66
Geertruyda,Geertruida,1,66
Annie,Nannie,1,66
Thos,Thomas,2,66
Catherina,Katharina,2,66
Edit,Erik,2,66
Maria,Marin,1,66
Rita,Rosa,2,66
Gerrits,Gerrijt,2,66
Jaspers,Jasper,1,66
May,Mark,2,66
Elva,Emma,2,66
Roelofs,Roelf,2,66
Leona,Leo,2,66
Guri,Kari,2,66
Age,Ages,1,66
Elisabeth,Elsbeth,2,66
Jean,Leon,2,66
Mavis,Maria,2,66
Carl,Kari,2,66
Roy,Leroy,2,66
Frans,Jans,2,66
Mariane,Marie,2,66
Jacobs,Jacobsz,1,66
Jos,Do,2,66
Alexander,Alexandra,2,66
Franse,Frans,1,66
Theodora,Theodore,1,66
Luther,Esther,2,66
Jonsen,Olsen,2,66
Josephine,Josephte,2,66
Edna,Etta,2,66
Adaline,Adeline,1,66
Lulu,Lucy,2,66
Aaltien,Aaltje,2,63
Hans,Hanns,1,63
Alan,Allen,2,63
Delia,Eliza,2,63
Erick,Erik,1,63
Stoffers,Stoffer,1,63
Vera,Sara,2,63
Lola,Ella,2,63
Erik,Ulrik,2,63
Cora,Rosa,2,63
Caisa,Lisa,2,63
Celia,Eliza,2,63
Jane,Kate,2,63
Hans,Mats,2,63
Martinus,Martin,2,63
Jochems,Jochem,1,63
Friedrich,Fredrick,2,63
David,Davis,1,63
Katherine,Catherina,2,63
Agness,Agnes,1,63
Sjoukes,Sjouke,1,63
Olli,Olof,2,63
Claude,Maude,2,63
Olive,Ole,2,63
Kristen,Christen,2,63
Katharine,Catharine,1,63
Charles,Harley,2,63
Emanuel,Emmanuel,1,63
Sigri,Siri,1,63
Floyd,Flora,2,63
Sipke,Sipkes,1,63
Augustus,August,2,63
Margarethe,Margrethe,1,63
Harvey,Harry,2,63
Maria,Malin,2,63
Foppes,Foppe,1,63
Jans,Frans,2,63
Selma,Emma,2,63
John,Jo,2,63
Hanne,Ane,2,63
Renier,Reynier,1,63
Dirks,Dirck,2,63
Vera,Lena,2,63
Alma,Amy,2,63
Rene,Jane,2,63
Marit,Karin,2,63
Pietersd,Pieter,2,63
Marte,Mari,2,63
Josephine,Josphine,1,63
Nanny,Ann,2,63
Anne,Andre,2,63
Antje,Ate,2,63
Frericks,Frerick,1,63
Teunisdr,Teunis,2,63
Andreas,Andrea,1,63
Robert,Bert,2,63
Angela,Angelo,1,63
Marin,Marie,1,63
Ina,Ida,1,63
Ian,Ann,2,63
Nellie,Sallie,2,63
Ann,Anton,2,63
Elizabet,Elizabeth,1,63
Hubertus,Huberta,2,63
Nellie,Nettie,2,63
Izaak,Izak,1,63
Hugh,Ruth,2,63
Vance,Nancy,2,63
Elizebeth,Elizabeth,1,63
Judic,Judith,2,60
Mathilda,Mathilde,1,60
Ray,Ira,2,60
Katy,Mary,2,60
Lily,Lucy,2,60
Katrine,Cathrine,2,60
Raquel,Rafael,2,60
Oliver,Olive,1,60
Adriaans,Adriaan,1,60
Cornelis,Kornelia,2,60
Juan,Julian,2,60
Jennie,Jessie,2,60
Berend,Beerend,1,60
Lara,Mary,2,60
Leona,Leon,1,60
Kezia,Keziah,1,60
Abel,Abels,1,60
Lillie,Sallie,2,60
Ji,Jan,2,60
Eula,Emma,2,60
Marcin,Maria,2,60
Lee,Lela,2,60
Erma,Emma,1,60
Jesaja,Jesaya,1,60
Uiltjes,Uiltje,1,60
Erica,Eric,1,60
Marita,Maria,1,60
Josina,Jozina,1,60
Gerardus,Gerard,2,60
Klaasz,Klaas,1,60
Jeremia,Jeremias,1,60
Georgina,Orgina,2,60
Erna,Ernst,2,60
Rueben,Reuben,2,60
Male,Marie,2,60
Emma,Edna,2,60
Mehitable,Mehitabel,2,60
Lusie,Lucia,2,60
Christoffersen,Kristoffersen,2,60
Maria,Marte,2,60
Hendrikje,Hendrickje,1,60
Martha,Mara,2,60
Vance,Jane,2,60
Mae,Joe,2,60
Sakes,Sake,1,60
Gotlieb,Gottlieb,1,60
Ruurd,Ruurt,1,60
Murks,Murcks,1,60
Arents,Arent,1,60
Ivy,May,2,60
Leslie,Lillie,2,60
Wessels,Wessel,1,60
Dirk,Erk,2,60
Henry,Henrik,2,60
Jacobje,Jacobs,2,60
Roy,Ruby,2,60
Per,Peder,2,60
Maria,Maryna,2,60
Marte,Berte,2,60
Elvira,Eliza,2,60
Cornelisdr,Cornelisz,2,60
Jdr,Jan,2,60
Gustave,Gustav,1,60
Victoria,Victor,2,60
Emilie,Emily,2,60
Julia,Celia,2,60
Cornelisz,Cornelisdr,2,60
Roelefs,Roelof,2,60
Jannes,Janna,2,60
Johannesdr,Johannes,2,60
Bernard,Bernd,2,60
Kristian,Kristine,2,60
Polly,Molly,1,60
Amos,Amy,2,60
Billie,Willie,1,57
Willie,Mollie,2,57
Gertruda,Gertrudis,2,57
Caroline,Karolina,2,57
Nicolas,Nicolaus,1,57
Nellie,Lillie,2,57
Lambert,Albert,2,57
Lena,Lisa,2,57
Claire,Claude,2,57
Leendertse,Leendert,2,57
Michael,Michal,1,57
Kornelia,Cornelia,1,57
Isaac,Isaiah,2,57
Pieter,Pietje,2,57
Luigi,Luigia,1,57
Annie,Addie,2,57
Lula,Ella,2,57
Rijpkes,Rijpke,1,57
Josef,Jose,1,57
Isaiah,Isaac,2,57
Amelia,Amalie,2,57
Eliza,Celia,2,57
Allie,Alice,2,57
Jones,Jane,2,57
Jone,John,2,57
Ella,Edna,2,57
Sally,Sallie,2,57
Ellis,Ellen,2,57
Albertsz,Albert,2,57
Albertje,Albertjen,1,57
Jens,Jon,2,57
Wilhelmina,Wilhemina,1,57
Soren,Maren,2,57
Johan,Jean,2,57
Margarete,Margrethe,2,57
Joe,Mae,2,57
Stientje,Stijntje,1,57
Hettes,Hette,1,57
Markus,Marcus,1,57
Olive,Olivia,2,57
Katharina,Catharine,2,57
Ariaantje,Adriaantje,1,57
Marvin,Maria,2,57
Beatriz,Beatrice,2,57
Hendricksz,Hendrick,2,57
Beenes,Beene,1,57
Kirstine,Kristine,2,57
Hattie,Mattie,1,57
Willie,Will,2,57
Vera,Nora,2,57
Francis,Francoise,2,54
Mere,Mary,2,54
Mae,Mamie,2,54
Theodore,Theodor,1,54
Magrietha,Magrieta,1,54
Lillie,Willie,1,54
Ferdinand,Ferdinande,1,54
Frhr,Frh,1,54
Faye,Mae,2,54
Thodore,Theodore,1,54
Merle,Marie,2,54
Ephraim,Ephriam,2,54
Margaretha,Margarietha,1,54
Clmentine,Clementine,1,54
Eva,Edna,2,54
Mathias,Matias,1,54
Georgine,George,2,54
Margeret,Margaret,1,54
Mary,Marcy,1,54
Maria,Matea,2,54
Diedrich,Dieterich,2,54
Fredrieka,Frederika,2,54
Dirk,Durk,1,54
Friederieke,Friderieke,1,54
Luissa,Louisa,2,54
Luiten,Luite,1,54
Earl,Karl,1,54
Louisa,Luiza,2,54
Lusa,Luiza,2,54
Mattson,Matts,2,54
Conrad,Cord,2,54
Franoise,Francis,2,54
Eli,Ole,2,54
Claas,Claes,1,54
Lola,Cora,2,54
Gary,Amy,2,54
Fransie,Frans,2,54
Gerrigje,Gerritje,1,54
Csar,Dsir,2,54
Madeleine,Magdelaine,2,54
Fredrikke,Frederikke,1,54
Mathilde,Mathildre,1,54
Izak,Isaak,2,54
Etrezia,Tresia,2,54
Rd,Kd,1,54
John,Johane,2,54
Willie,Willem,2,54
Ole,Alf,2,54
Herta,Bertha,2,54
Ola,Ida,2,54
Julia,Jurie,2,54
Lee,Liz,2,54
Samuel,Samul,1,54
Hanson,Hans,2,54
Benedicte,Benedicta,1,54
Jelles,Hilles,2,54
Nora,Cora,1,54
Klementine,Clementine,1,54
Nilsen,Olsen,2,54
Ano,Ana,1,54
Jan,Jdr,2,54
Viola,Vivia,2,54
Rae,Reed,2,54
Judith,Judick,2,54
Hanne,Hanna,1,54
Ragnhild,Ragnild,1,54
Willie,Willis,1,54
Baptista,Baptist,1,54
Aida,Anna,2,54
Henrikke,Henriksen,2,54
Jantje,Anje,2,54
Arensen,Jensen,2,54
Perrine,Prrine,1,54
Henrikka,Henricha,2,54
Armel,Marcel,2,54
Arnoldus,Arnoldi,2,54
Roy,Lou,2,54
Arnt,Marit,2,54
Henrikke,Henrik,2,54
Paul,Maud,2,54
Babe,Jane,2,54
Kalle,Ville,2,54
Aurelie,Aurelius,2,54
Agusta,Gustaf,2,54
Phillippus,Philipps,2,54
Phillipus,Phillip,2,54
Pier,Piers,1,54
Hermann,Hermine,2,54
Jurgina,Jurgen,2,54
Axel,Ane,2,54
Hlne,Helene,2,54
Peters,Pieter,2,54
Vitus,Viti,2,54
Wybes,Wybe,1,54
Ren,Rene,1,54
Jesse,Bessie,2,54
Ida,Alida,2,54
Staden,Stade,1,54
Grant,Frank,2,54
Ivy,Lily,2,54
Ignatia,Ignatius,2,54
Bouwes,Bouwe,1,54
Gjertrud,Giertrud,1,54
Aarnoud,Arnoud,1,54
Alfrida,Alfred,2,54
Rita,Ida,2,54
Mira,Mary,2,54
Aaltje,Aeltjen,2,54
Napolone,Napolon,1,54
Grgoria,Grgorio,1,54
Betsey,Betsy,1,54
Gijsbertsz,Gijsbert,2,54
Ghislaine,Ghislain,1,54
Nicolas,Nicolaas,1,54
Trijntje,Trijnje,1,54
Abrahamsz,Abraham,2,54
Alta,Ella,2,54
Anna,Andr,2,54
Aletha,Alettha,1,54
Aleid,Alida,2,54
Minna,Hanna,2,54
Bouwe,Bouwes,1,54
Dea,Jean,2,51
Elise,Elias,2,51
Jorisz,Joris,1,51
Derk,Derck,1,51
Alle,Alles,1,51
Franzes,Frans,2,51
Rudolph,Rudolphus,2,51
Elses,Elze,2,51
Elisha,Eliza,2,51
Marvin,Martin,1,51
Alewyn,Alwyn,1,51
Roy,Ivy,2,51
Deborah,Debora,1,51
Maria,Marija,1,51
Marie,Sadie,2,51
Irene,Irena,1,51
Dorthe,Dorte,1,51
Jakobs,Jacobs,1,51
Dora,Sara,2,51
Anna,Arnt,2,51
Donald,Dugald,2,51
Petra,Peter,2,51
Vera,Dora,2,51
Julia,Julian,1,51
Wilbert,Albert,2,51
Lucy,Lucia,2,51
Willaim,William,2,51
Ann,Annis,2,51
Dirkse,Dirk,2,51
Ina,Ada,2,51
Maria,Mario,1,51
Alan,Ada,2,51
Anne,Hanna,2,51
Dirkie,Dirkje,1,51
Pieterke,Pieters,2,51
Hermannus,Harmannus,1,51
Andrew,Andries,2,51
Hilma,Hilda,1,51
Dana,Jane,2,51
Marie,Mara,2,51
Obediah,Obadiah,1,51
Murks,Murk,1,51
Cornelis,Cornelus,1,51
Margareta,Margaret,1,51
Geesje,Geesjen,1,51
Geessien,Geesjen,2,51
Christena,Christina,1,51
Bell,Belle,1,51
Klaas,Klaaske,2,51
Lila,Ida,2,51
Jeens,Jeen,1,51
Ulbes,Ulbe,1,51
Geertruida,Geertruit,2,51
Lida,Eliza,2,51
Cora,Flora,2,51
Feijes,Feije,1,51
Jessie,Elsie,2,51
Violet,Viola,2,51
Margit,Maria,2,51
Nannie,Fannie,1,51
Siri,Sara,2,51
Hanna,Karna,2,51
Clare,Clara,1,51
Stephen,Stephan,1,51
Adelheid,Adelheit,1,51
Carin,Karin,1,51
Carol,Earl,2,51
Michal,Michael,1,51
Ester,Petter,2,51
Margaret,Margareta,1,51
Eugne,Eugene,1,51
Leentje,Lientje,1,51
Mary,Fay,2,51
Emile,Emilie,1,51
Ates,Ate,1,51
Ove,Ane,2,51
Jean,Jeanie,2,51
Sijmons,Sijmon,1,51
Glen,Glenn,1,51
Carlos,Carlo,1,51
Simons,Simon,1,51
Flora,Dora,2,51
Joachim,Joakim,2,51
Carlos,Charles,2,51
Rypkes,Rijpkes,2,48
Ruurds,Ruurt,2,48
Erdmuthe,Erdmutha,1,48
Ellenor,Ellen,2,48
Aletta,Aletha,1,48
Sophia,Sophi,1,48
Srup,Sren,2,48
Stark,Starkey,2,48
Ruurdje,Ruurd,2,48
Aline,Elise,2,48
Eskelss,Eskelsd,1,48
Ella,Melia,2,48
Erma,Ella,2,48
Ella,Lula,2,48
Aalbertse,Aelbertsen,2,48
Ales,Ale,1,48
Aelbertsz,Aelbertsen,2,48
Erck,Erckel,2,48
Aeltge,Aaltje,2,48
Simon,Simeon,1,48
Simon,Sijmons,2,48
Mari,Karl,2,48
Simeon,Simon,1,48
Aert,Aertse,2,48
Maria,Marcial,2,48
Elsie,Elsen,2,48
Aizes,Aize,1,48
Sijmen,Sijmon,1,48
Emil,Emilia,2,48
Sieger,Syger,2,48
Maria,Barta,2,48
Sieka,Sieke,1,48
Elvi,Olli,2,48
Elsebe,Else,2,48
Emily,Emil,1,48
Adeline,Adaline,1,48
Aelbert,Albert,1,48
Enoch,Noah,2,48
Adle,Anne,2,48
Sixta,Rita,2,48
Margarite,Margaret,2,48
Salmina,Salomina,1,48
Adriaansz,Adriaan,2,48
Aldert,Aeildert,2,48
Simons,Simonsz,1,48
Adriaen,Adriaens,1,48
Sape,Sapes,1,48
Alan,Alden,2,48
Adriaen,Adriaense,2,48
Aka,Ann,2,48
Emlien,Elie,2,48
Margit,Marita,2,48
Michiel,Michiels,1,48
Marie,Mamie,1,48
Mata,Maria,2,48
William,Gillam,2,48
Nilsdtr,Olsdtr,2,48
Mats,Matths,2,48
Matje,Mattje,1,48
Matje,Aaltje,2,48
Concepcion,Concepcin,1,48
Willie,Ollie,2,48
Norma,Cora,2,48
Bengtss,Bengt,2,48
Ben,Jan,2,48
Bastiaan,Bastiaans,1,48
Elisabetha,Elisabet,2,48
Olga,Olof,2,48
Barney,Harvey,2,48
Barend,Barents,2,48
Cornelisdr,Corneliszn,2,48
Onne,Ane,2,48
Axe,Ann,2,48
Cornelisse,Cornelissen,1,48
Onne,Knna,2,48
Ora,Dora,1,48
Cornelisse,Cornelisz,2,48
Berge,Berthe,2,48
Nikolaus,Nicolas,2,48
Berthe,Berte,1,48
Mattie,Maatje,2,48
Cathar,Caspar,2,48
Cesario,Cesreo,2,48
Carolus,Carol,2,48
Mette,Otte,2,48
Merle,Mercy,2,48
Mercy,Marcy,1,48
Mellema,Melle,2,48
Mehitabel,Mehitable,2,48
Mrta,Mats,2,48
Mees,Meesz,1,48
Bruce,Grace,2,48
Name,James,2,48
Brita,Marita,2,48
Christiansdatter,Christensdatter,2,48
Nannes,Nanne,1,48
Christina,Christena,1,48
Nannie,Minnie,2,48
Nathaniel,Nathanial,1,48
Taly,Mary,2,48
Blaise,Claire,2,48
Claesdr,Claesz,2,48
Cornelisz,Corneliszn,1,48
Paula,Paulus,2,48
Dana,Ann,2,48
Pieterz,Pieter,1,48
Annika,Anna,2,48
Marque,Marie,2,48
Rafael,Rafaela,1,48
Duane,Jane,2,48
Anna,Annes,2,48
Reinier,Reynier,1,48
Ebba,Elsa,2,48
Eddie,Edvise,2,48
Remt,Rempts,2,48
Angenietje,Agnietje,2,48
Reymert,Reijmert,2,48
Marinus,Marcus,2,48
Ritske,Ritskes,1,48
Marietje,Maritge,2,48
Roelofje,Roelofs,2,48
Ana,Hans,2,48
Roland,Rowland,1,48
Rosa,Cora,2,48
Elijah,Elias,2,48
Marie,Marta,2,48
Alwyn,Alewyn,1,48
Marta,Martha,1,48
Anthonie,Antonij,2,48
Perfecto,Perfecta,1,48
Pietersd,Pieters,1,48
Peter,Peeter,1,48
Danielina,Daniellina,1,48
Ariense,Arens,2,48
Dara,Mara,1,48
Marvin,Marion,2,48
Arent,Arents,1,48
Pettersdtr,Pedersdtr,2,48
Philippa,Philip,2,48
Philippina,Philipina,1,48
Denijsz,Denijs,1,48
Antonino,Antonia,2,48
Philips,Philipsdr,2,48
Dircks,Dirck,1,48
Antonetta,Anthonetta,1,48
Teunis,Teunisse,2,48
Anton,Anthony,2,48
Martens,Arjens,2,48
Dirkje,Dirks,2,48
Dirkje,Dirkse,1,48
Pieters,Peter,2,48
Anthonius,Antonius,1,48
Do,Jos,2,48
Joanna,Jeanne,2,48
Kathrine,Katrine,1,48
Hiltje,Hylkje,2,48
Jantje,Mattje,2,48
Gerhard,Everhard,2,48
Francois,Francis,1,48
Mae,Mabel,2,48
Johannes,Johannesz,1,48
Hindrik,Hindrick,1,48
Aafjen,Aafje,1,48
Jozeph,Josepha,2,48
Jozeph,Joseph,1,48
Libertus,Lambertus,2,48
Jans,Janszn,2,48
Johansson,Jransson,2,48
Lila,Eliza,2,48
Hs,Hans,2,48
Thomasen,Thomas,2,48
Hindricks,Hindrick,1,48
Jantjen,Jantje,1,48
Tjietse,Tjeets,2,48
Juel,Juan,2,48
Ulfert,Olfert,1,48
Foekes,Foeke,1,48
Magdelaine,Madeleine,2,48
Leendertsdr,Leenderts,2,48
Leendertsz,Leenderts,1,48
Lela,Ella,2,48
Fokken,Fokke,1,48
Gerritje,Gerritsz,2,48
Fokkes,Fokken,1,48
Magdalena,Magadalena,1,48
Jon,Joh,1,48
Francina,Francisca,2,48
Hielkje,Hylkje,2,48
Jules,Julia,2,48
Gerrebregje,Gerbregje,2,48
Huibrecht,Huibregt,2,48
Mads,Mari,2,48
Georg,Georgid,2,48
Geertruida,Geertruijda,1,48
Iversen,Evensen,2,48
Joost,Joosten,2,48
Luites,Luite,1,48
Frederick,Friederica,2,48
Luke,Lucy,2,48
Maaijke,Maeijke,1,48
Toms,Romn,2,48
Lus,Luisa,2,48
Jan,Ane,2,48
Jacobse,Jacobsz,1,48
Jacobse,Jobse,2,48
Frederich,Frederik,2,48
Jon,Jane,2,48
Jacomina,Salomina,2,48
Jon,Jens,2,48
Frantz,Frantzen,2,48
Wietse,Tietje,2,48
Fransse,Frans,2,48
Iva,Eva,1,48
Tholen,Thole,1,48
Geertje,Maertje,2,48
Garza,Mara,2,48
Ira,Eva,2,48
Lose,Rose,1,48
Irma,Mria,2,48
Jane,Joane,1,48
Lubbertsen,Lubbertsz,2,48
Mabel,Carel,2,48
Lourens,Louwrens,1,48
Maatje,Maarte,2,48
Louws,Douwe,2,48
John,Johnny,2,48
Wichers,Wijcher,2,48
Leendert,Leenders,1,48
Jake,James,2,48
Guy,May,2,48
Hemmo,Hemmen,2,48
Hendriks,Hendrikse,1,48
Tiemens,Timen,2,48
Joan,Jean,1,48
Guiseppe,Giuseppe,2,48
Gunderson,Gundersen,1,48
Jenson,Jens,2,48
Lars,Karl,2,48
Lars,Clas,2,48
Jochim,Joachim,1,48
Hendrica,Hendricus,2,48
Wilhelm,Wihelm,1,48
Klaasz,Claasz,1,48
Fanny,Fannie,2,48
Hendrich,Heinrich,2,48
Jenson,Jonson,1,48
Klz,Az,2,48
Jurjen,Aukjen,2,48
Lambertus,Albertus,2,48
Jilt,Jilts,1,48
Jesse,Jess,1,48
Hendrickse,Hendrick,2,48
Jeremiah,Jeremias,1,48
Knudson,Knutson,1,48
Kristian,Kristen,2,48
Eva,Ezra,2,48
Jensen,Hansen,2,48
Katharine,Katarina,2,48
Femmigje,Femmegjen,2,48
Tjaaktje,Tjaakje,1,48
Godfrey,Godfried,2,48
Helgaard,Hilgard,2,48
Henrica,Hinrich,2,48
Joane,Jane,1,48
Fenna,Fenne,1,48
Glaudina,Gloudina,1,48
Leander,Alexander,2,48
Helen,Helene,1,48
Fenje,Fenna,2,48
Kari,Mari,1,48
Gijsbertje,Gijsberts,2,48
Heeres,Heere,1,48
Gijsbert,Gijsbertje,2,48
Harmen,Harm,2,48
Jensdatter,Evensdatter,2,48
Friederich,Friederike,2,45
Ivan,Ida,2,45
Amalia,Amalie,1,45
Eeltjes,Eeltje,1,45
Helene,Helen,1,45
Dircks,Dirk,2,45
Amelie,Amlie,1,45
Benita,Benito,1,45
Harriette,Harriet,2,45
Nora,Rosa,2,45
Klases,Klaas,2,45
Wytzes,Wytze,1,45
Ole,Elen,2,45
Hendrica,Hendrika,1,45
Harriet,Harriot,1,45
Ludwig,Ludewig,1,45
Edna,Ezra,2,45
Belle,Bell,1,45
Ruby,Roy,2,45
Martin,Martinus,2,45
Alexander,Alexandre,2,45
Edgar,Edna,2,45
Iva,Ada,2,45
Michelle,Michel,2,45
Delia,Julia,2,45
Winnie,Annie,2,45
Matthys,Mattijs,2,45
Wolter,Wolters,1,45
Claas,Claesz,2,45
Bruno,Benno,2,45
Leona,Edna,2,45
Mavis,David,2,45
Annis,Ann,2,45
Hessel,Hessels,1,45
Christiaan,Christiaans,1,45
Leo,Lena,2,45
Charles,Carlos,2,45
Arend,Berend,2,45
Hermina,Harmina,1,45
Ara,Sarah,2,45
Carry,Mary,2,45
Antonina,Antonia,1,45
Michael,Michele,2,45
Claude,Claud,1,45
Clausen,Claus,2,45
Tina,Anna,2,45
Hendrikje,Hindrikje,1,45
Joseph,Joesph,2,45
Koert,Koerts,1,45
Andriesse,Andries,2,45
Joseph,Jospeh,2,45
Vito,Vita,1,45
Haikes,Hayke,2,45
Eugene,Eugenie,1,45
Susannah,Susanah,1,45
Lammert,Lambert,1,45
Tietes,Tiete,1,45
Lieuwe,Lieuwes,1,45
Sybrens,Sybren,1,45
Vicente,Vicenta,1,45
Wouter,Wouters,1,45
Hendrika,Henrica,2,45
Boelmans,Boelman,1,45
Ray,Roy,1,45
Christian,Kristian,2,45
Nicolaus,Nicolas,1,45
Wilhemina,Wilhelmina,1,45
Elmira,Almira,1,45
Sarie,Maria,2,45
Margrethe,Margarethe,1,45
Folkert,Folkerts,1,45
Marguerite,Margueritte,1,45
Maria,Mria,1,45
Jns,Mns,1,45
Simonsz,Simon,2,45
Maarten,Maartensz,2,45
Marie,Csarie,2,45
Johann,Joanna,2,45
John,Joy,2,45
Elsbeth,Elisabeth,2,45
Eugnie,Eugne,1,45
Johanna,Johannah,1,45
Albertus,Alberta,2,45
Maria,Marina,1,45
Eriksson,Ersson,2,45
Maddalana,Maddelana,1,45
Wikkes,Wikke,1,45
Maggie,Mattie,2,42
Julie,Lucie,2,42
Simonss,Simon,2,42
Ary,Arij,2,42
Clair,Clara,2,42
Andreas,Andrew,2,42
Geertje,Gerritje,2,42
Ida,Hilda,2,42
Antinpoika,Matinpoika,2,42
Lena,Edna,2,42
Adamsz,Adam,2,42
Ian,Jean,2,42
William,Wiiliam,1,42
Hermanus,Harmanus,1,42
Pieterke,Pieter,2,42
Rinse,Rinze,1,42
Rinze,Rinzes,1,42
Maggie,Marie,2,42
Gabril,Gabriel,1,42
Daniel,Daniels,1,42
Gerritje,Gerritjen,1,42
Gabrielle,Gabriel,2,42
Lolkes,Lolke,1,42
Lon,John,2,42
Robt,Robert,2,42
Lonnie,Annie,2,42
Ira,Cora,2,42
Andries,Andriesz,1,42
Gary,Harry,2,42
Hermina,Hermiena,1,42
Franciskus,Franciscus,1,42
Nio,Gin,2,42
August,Augustin,2,42
Christoffer,Kristoffer,2,42
Una,Ann,2,42
Auguste,Augustine,2,42
Sikke,Sikkes,1,42
Hindricks,Hindrik,2,42
Mattss,Matts,1,42
Else,Ole,2,42
Gerlofs,Gerlof,1,42
Lesley,Leslie,2,42
Adrienne,Adrien,2,42
Srensen,Jrgensen,2,42
Evelyn,Eveline,2,42
Rae,Ray,1,42
Berents,Berend,2,42
Leon,Leo,1,42
Leon,Lena,2,42
Anthonie,Antonie,1,42
Abe,Abes,1,42
Hans,Ana,2,42
Ann,Nanny,2,42
Friedrich,Fredrich,1,42
Ottes,Otte,1,42
Meertens,Meerten,1,42
Leo,Lee,1,42
Ellen,Elmer,2,42
Hubert,Herbert,2,42
Ellis,Ella,2,42
Frank,Frans,1,42
Nora,Honora,2,42
Adriaen,Adriana,2,42
Leo,Leon,1,42
Nora,Dora,1,42
Viola,Violet,2,42
Jacquesse,Jacques,2,42
Anthonie,Anthonij,1,42
Jeanne,Janne,1,42
Mattie,Matthew,2,42
Jane,Jared,2,42
Ollie,Willie,2,42
Addie,Annie,2,42
Adle,Adlade,2,42
Sara,Clara,2,42
Nanningsz,Nanning,2,42
Mns,Jns,1,42
Erna,Emma,2,42
Nicholas,Nicolaus,2,42
Albert,Lambert,2,42
Earl,Sara,2,42
Ernest,Earnest,1,42
Samuel,Samuell,1,42
Aage,Anne,2,42
Amelia,Amalia,1,42
Doekles,Doekle,1,42
Dorte,Marte,2,42
Kirsten,Kirsti,2,42
Baptiste,Baptista,1,42
Ole,Olea,1,42
Donato,Donata,1,42
Dora,Cora,1,42
Susan,Susana,1,42
Peters,Pieters,1,42
Emmerentia,Emerentia,1,42
Luella,Ella,2,42
Britha,Brita,1,42
Emilie,Emile,1,42
Arends,Berends,2,42
Jacoba,Jakoba,1,42
Olaf,Ola,1,42
Haikes,Haike,1,42
Frederich,Friedrich,2,42
Solomon,Soloman,1,42
Mainardus,Meinardus,1,42
Tjerk,Tjerks,1,42
Willemse,Willems,1,42
Mariejosephte,Mariejosephe,1,42
Guro,Guri,1,42
Emilia,Emelia,1,42
Steven,Stevens,1,42
Jacobe,Jacob,1,42
Rosa,Dora,2,42
Marie,Paris,2,42
Hendrik,Henderik,1,42
Jenny,Jean,2,42
Nicolaas,Nicholas,2,42
Arisen,Aris,2,42
Dircksz,Dirck,2,42
Engelbertus,Engelbert,2,42
Friedericke,Friederike,1,42
Barend,Barent,1,42
Hendrik,Henrik,1,42
Hendricks,Henricus,2,39
Nathanial,Nathaniel,1,39
Leona,Leonard,2,39
Audrey,Andrew,2,39
Felicite,Flicit,2,39
Verna,Vernon,2,39
Margreta,Margareta,1,39
Susan,Susanne,2,39
Juha,Johan,2,39
Julia,Jules,2,39
Bonnie,Minnie,2,39
Leo,Leona,2,39
Margit,Marie,2,39
Phillippus,Philippus,1,39
Simon,Symon,1,39
Michael,Rachael,2,39
Antje,Antjen,1,39
Willy,Willem,2,39
Maria,Karna,2,39
Antnia,Antnio,1,39
Pearl,Paul,2,39
Hermanus,Hermannus,1,39
Fannie,Minnie,2,39
Bruijns,Bruijn,1,39
Susana,Susanna,1,39
William,Wlliam,1,39
Engels,Engel,1,39
Ada,Sara,2,39
Lambert,Lamberts,1,39
Berta,Berte,1,39
Male,Jane,2,39
Maria,Maija,2,39
Lela,Lee,2,39
Glenna,Glenn,1,39
Petrus,Peterus,1,39
Carl,Carin,2,39
Betsey,Betty,2,39
Nettie,Mattie,2,39
Anthony,Anthonie,2,39
Callie,Calvin,2,39
Cajsa,Maja,2,39
Paulusz,Paulus,1,39
Lena,Lee,2,39
Adolph,Rudolph,2,39
Nels,Niels,1,39
Fannie,Anne,2,39
Karin,Carin,1,39
Gerritje,Gerrigje,1,39
Anna,Minna,2,39
Janet,Jennet,2,39
Mattie,Maggie,2,39
Aino,Anna,2,39
Vanda,Anna,2,39
Aime,Anne,2,39
Ola,Ella,2,39
Martinus,Marinus,1,39
Anderssn,Anders,2,39
Dee,Lee,1,39
Louis,Floris,2,39
Katherina,Catharina,2,39
Dorothea,Dorathea,1,39
Isabel,Mabel,2,39
Jane,Jan,1,39
Erika,Eric,2,39
Tetje,Tettje,1,39
Frederick,Friederick,1,39
Gary,Carl,2,39
Susanna,Rosanna,2,39
Jo,Joe,1,39
Ira,Asa,2,39
Frans,Hans,2,39
Isabel,Isabell,1,39
Klaas,Klaasje,2,39
Ina,Eva,2,39
Viktoria,Viktor,2,39
Dora,Ira,2,39
Lucie,Lucy,2,39
Maartense,Maarten,2,39
Santa,Anna,2,39
Wybrens,Wybren,1,39
Rosie,Rosine,1,39
Joannis,Joannes,1,39
Kirstine,Kirsti,2,39
Eula,Ella,1,39
Dorathea,Dorothea,1,39
Derkje,Derk,2,39
Marie,Maggie,2,39
Margaret,Margarette,2,39
Ylaria,Maria,2,39
Joan,Johan,1,39
Elizabetta,Elizabeth,2,39
Louise,Lois,2,39
Diedrich,Dietrich,1,39
Ole,Tore,2,39
Rosa,Rita,2,39
Elisabeth,Elisabethe,1,39
Hans,Jane,2,39
Susannah,Rosannah,2,39
Keziah,Kezia,1,39
Anna,Marna,2,39
Rebecca,Rebeccah,1,39
Elbertsz,Elbert,2,39
Maria,Mattia,2,39
Janse,Jansz,1,39
Marina,Martha,2,39
Alderts,Aldert,1,39
Gerard,Bernard,2,39
Jonas,Jns,2,39
Mats,Lars,2,39
Juan,John,2,39
Annechien,Annegien,2,39
Hiram,Ira,2,39
Sue,Lee,2,39
Elma,Elias,2,39
Sigrid,Siri,2,39
Sijmensz,Sijmen,2,39
Ramon,Ramona,1,39
Jerry,Harry,2,39
Mattie,Hattie,1,39
Elsa,Elias,2,39
Hans,Hanne,2,39
Eleanor,Elenor,1,39
John,Jost,2,39
Jacoba,Jacobje,2,39
Aaltje,Martje,2,39
Ora,Ira,1,39
Lodewicus,Lodewikus,1,39
Lloyd,Floyd,1,39
Ida,Inga,2,39
Earl,Ezra,2,39
Cornelise,Cornelis,1,39
Josephte,Josphe,2,39
Joukes,Jouke,1,39
Marsh,Sarah,2,39
Hulda,Huldah,1,39
Frankie,Franklin,2,39
Lily,Lilly,1,39
Ann,Lynn,2,39
Agnes,Agnete,2,39
Oskar,Oscar,1,39
Jns,Jon,2,39
Olof,Ola,2,36
Hendrika,Hendrine,2,36
Stuart,Stewart,2,36
Karla,Karl,1,36
Hendrik,Hendrek,1,36
Heinrick,Heinrich,1,36
Arnt,Anna,2,36
Kateina,Katerzina,2,36
Hendrik,Henderika,2,36
Olsen,Elen,2,36
Abid,Ali,2,36
Hendricks,Hendrik,2,36
Paris,Marie,2,36
Aukje,Aukes,2,36
Jernima,Jernimo,1,36
Adele,Adolf,2,36
Ytie,Yttie,1,36
Hendrick,Hendriks,2,36
Otto,Mtte,2,36
Atze,Atzes,1,36
Tjibbes,Tjibbe,1,36
Paule,Paola,2,36
Ora,Rosa,2,36
Paulus,Paulusz,1,36
Aurius,Aurelius,2,36
Jochemsz,Jochemsdr,2,36
Henderik,Hendrik,1,36
Paulus,Poulus,1,36
Suzanna,Susannah,2,36
Pearl,Earl,1,36
Hemkes,Hemke,1,36
Arnt,Aren,2,36
Olsen,Olufsen,2,36
Arlene,Irene,2,36
Alec,Alice,2,36
Johana,John,2,36
Torsteinsson,Torsteinson,1,36
Anas,Anne,2,36
Roels,Roel,1,36
Andersson,Andersen,2,36
Sarah,Susarah,2,36
Andies,Andries,1,36
Andre,Andries,2,36
Andreas,Andres,1,36
Roelands,Roeland,1,36
Andries,Andrew,2,36
Ane,Axel,2,36
Heinrich,Helfrich,2,36
Sarel,Zarel,1,36
Angelina,Angela,2,36
Ilsabe,Ilsche,2,36
Reuben,Rueben,2,36
Sarie,Arrie,2,36
Huijge,Huijg,1,36
Selah,Sarah,2,36
Josu,Josia,2,36
Anna,Aina,1,36
Valente,Vicente,2,36
Aertse,Aert,2,36
Regina,Regiena,1,36
Amy,May,2,36
Amlia,Amalia,1,36
Jenson,Jensen,1,36
Jane,Joe,2,36
Jona,Anna,2,36
Albertz,Albert,1,36
Sammuel,Samuel,1,36
Alexandre,Alexandrine,2,36
Joo,Do,2,36
Allan,Olla,2,36
Jorgen,Jorgan,1,36
Rr,Nra,2,36
Alletha,Aletta,2,36
Ygnacia,Ygnacio,1,36
Ydes,Yde,1,36
Ivy,Eva,2,36
Albert,Albertse,2,36
Allie,Sallie,1,36
Jose,Cosme,2,36
Alan,Jean,2,36
Rosie,Rose,1,36
Ivan,Ira,2,36
Sapes,Sabe,2,36
Jane,Jay,2,36
Rose,Josef,2,36
Rosanna,Rosannah,1,36
Ivan,Eva,2,36
Refugio,Remigio,2,36
Jansd,Jansdr,1,36
Rd,Nra,2,36
Jr,Sr,1,36
Philomena,Philomina,1,36
Herculas,Hercules,1,36
Winnifred,Winifred,1,36
Philips,Philipsz,1,36
Antonina,Antonio,2,36
Jz,Jan,2,36
Jennifer,Jennie,2,36
Hephzibah,Hepzibah,1,36
Philipp,Philippe,1,36
Henriksson,Eriksson,2,36
Henrik,Hendrik,1,36
Henriette,Hendrietta,2,36
Petronella,Petronelia,1,36
Arents,Arendt,2,36
Henricken,Henricksken,2,36
Kari,Siri,2,36
Ariaantje,Ariaantie,1,36
Sjouke,Sjoukje,1,36
Arie,Arrie,1,36
Ado,Ann,2,36
Ariensz,Arien,2,36
Hendriks,Hendricus,2,36
Persdatter,Torsdatter,2,36
Antonetta,Antonietta,1,36
Sina,Rosina,2,36
Herman,Hermine,2,36
Julia,Juliann,2,36
Jrgen,Sren,2,36
Johannesd,Johannes,1,36
Hny,Henry,2,36
Annie,Abbie,2,36
Sijmon,Simons,2,36
Racheal,Rachel,1,36
Annie,Antonie,2,36
Sijmonsd,Sijmons,1,36
Quirinus,Quirinius,1,36
Adrian,Adrianna,2,36
Jasperse,Jasper,2,36
Jurgen,Jurgens,1,36
Pietje,Grietje,2,36
Adriaense,Adriaen,2,36
Adriaens,Adriaen,1,36
Anthoinette,Anthonetta,2,36
Tjisses,Tjisse,1,36
Julianna,Julianne,1,36
Julie,Amlie,2,36
Jeanie,Jessie,2,36
Tjipkes,Tjipke,1,36
Antje,Martje,2,36
Wolf,Wolff,1,36
Etricia,Etrezia,2,36
Heino,Heine,1,36
Martha,Maryna,2,36
Diena,Dina,1,36
Detmers,Detmer,1,36
Martin,Marion,2,36
Friederika,Frederica,2,36
Denis,Dennis,1,36
Delubina,Deluvina,1,36
Martje,Antje,2,36
Friedrich,Friedrike,2,36
Dawn,Ann,2,36
David,Dawid,1,36
Maruir,Marie,2,36
Gabriella,Gabriel,2,36
Marx,Maria,2,36
Lodovicus,Ludowicus,2,36
Mary,Hart,2,36
Louise,Lovisa,2,36
Friedericka,Friederica,1,36
Edna,Elva,2,36
Lourika,Louisa,2,36
Wietske,Wytske,2,36
Luise,Louis,2,36
Luise,Elise,2,36
Frederika,Frederica,1,36
Fredrick,Freidrick,1,36
Luigia,Luigi,1,36
Ludwich,Ludwig,2,36
Ludvig,Hedvig,2,36
Ludolph,Adolph,2,36
Therese,Theresa,1,36
Lovisa,Louise,2,36
Friederica,Friedrich,2,36
Friederich,Diederich,2,36
Dirkie,Dirk,2,36
Friederich,Frederich,1,36
Theresie,Therese,1,36
Mary,Marah,2,36
Mary,Marry,1,36
Lina,Lea,2,36
Thomsen,Thomassn,2,36
Levi,Eva,2,36
Matt,Matts,1,36
Matthe,Mattheus,2,36
Clay,Clara,2,36
Lester,Chester,2,36
Clara,Clark,1,36
Geroge,George,2,36
Clara,Claire,2,36
Thora,Thomas,2,36
Matts,Matteus,2,36
Leonhard,Bernhard,2,36
Maud,Mark,2,36
Leona,Lena,1,36
Christina,Christi,2,36
Levi,Levie,1,36
Cloria,Gloria,1,36
Coenradus,Conradus,1,36
George,Gore,2,36
Lina,Ida,2,36
Mary,Mira,2,36
Walter,Walker,1,36
Mary,Tacy,2,36
Cornelia,Kornelia,1,36
Maryna,Maria,2,36
Matheus,Mathias,2,36
Gerald,Harald,2,36
Mathias,Mathijs,1,36
Georgina,Georgiana,1,36
Mathilde,Mathide,1,36
Thomass,Thomas,1,36
Constana,Constantia,2,36
Lia,Elisa,2,36
Frederick,Freidrick,2,36
Eelke,Eelkes,1,36
Maxim,Marie,2,36
Enne,Anne,1,36
Ena,Jens,2,36
Emmarentia,Emmerentia,1,36
Emmanuel,Emanuel,1,36
Margie,Marie,1,36
Mans,Jan,2,36
Faye,May,2,36
Teuvo,Tahvo,2,36
Felipe,Phelipe,2,36
Teuntje,Leentje,2,36
Mamie,Mari,2,36
Florentine,Florentinus,2,36
Emilia,Emil,2,36
Mari,Marie,1,36
Mari,Siri,2,36
Magnus,Marius,2,36
Theodoor,Theodor,1,36
Ezra,Emma,2,36
Lusie,Lucie,1,36
Wilhelm,Willhelm,1,36
Esther,Luther,2,36
Maren,Aron,2,36
Eugese,Eugenie,2,36
Esaias,Esajas,1,36
Marcine,Martin,2,36
Eula,Lula,1,36
Margareta,Margarethe,2,36
Margarete,Margarethe,1,36
Margareth,Margaretha,1,36
Erik,Erika,1,36
Marais,Maria,2,36
Ericintytr,Henricintytr,2,36
Ericinpoika,Henricinpoika,2,36
Eva,Evan,1,36
Eric,Emil,2,36
Maria,Macaria,2,36
Elva,Ella,1,36
Frances,Francois,2,36
Elsebie,Elsabe,2,36
Mable,Mabel,2,36
Eliza,Elvira,2,36
Fransina,Francina,1,36
Elisabeth,Elisaabeth,1,36
Elisa,Eliza,1,36
Maarten,Maartens,1,36
Eldon,Ellen,2,36
Elard,Klara,2,36
Lydia,Ladiya,2,36
Egtberts,Egtbert,1,36
Frederich,Friederich,1,36
Marijn,Marijnus,2,36
Marijn,Marijnz,1,36
Egbert,Albert,2,36
Eelzes,Eelse,2,36
Ella,Celia,2,36
Fransdr,Frans,2,36
Marian,Martin,2,36
Elma,Elmer,2,36
Maria,Marian,1,36
Maertgen,Maritgen,2,36
Maertgen,Maertje,2,36
Elsa,Elsie,2,36
Elna,Else,2,36
Mae,Mark,2,36
Francsna,Francina,1,36
Ella,Ezra,2,36
Frands,Frandz,1,36
Willebord,Willeboord,1,36
Maria,Merip,2,36
Frank,Vranck,2,36
Maria,Sarina,2,36
Ella,Stella,2,36
Max,Mae,1,36
Mariane,Marine,1,36
Botho,Otto,2,36
Nils,Nilla,2,36
Kornelis,Cornelia,2,36
Laureijs,Laurens,2,36
Nilson,Nils,2,36
Sytzes,Sytze,1,36
Thys,Thijs,2,36
Benoit,Benot,1,36
No,Ann,2,36
Laurette,Lauretta,1,36
Nora,Flora,2,36
Nora,Norah,1,36
Bennie,Annie,2,36
Norbert,Norbertus,2,36
Sven,Svend,1,36
Benjamine,Benjamin,1,36
Ocker,Ockert,1,36
Tabitha,Jabetha,2,36
Gezina,Kezia,2,36
Getruida,Gertruida,1,36
Leenderd,Leendert,1,36
Michiel,Machiel,1,36
Oelsens,Oelsen,1,36
Hannah,Johannah,2,36
Volter,Wolter,1,36
Cathrine,Kathrine,1,36
Haldor,Halldor,1,36
Lara,Sarah,2,36
Nellie,Mollie,2,36
Sybren,Sybrens,1,36
Gustav,Gustave,1,36
Neeltje,Neeltjie,1,36
Gustav,Gustava,1,36
Neeltje,Neeltge,1,36
Bertel,Bertha,2,36
Vollrath,Volrath,1,36
Symon,Symons,1,36
Greta,Gretha,1,36
Tienne,Etienne,1,36
Grada,Gradus,2,36
Myrie,Maria,2,36
Gracia,Ignacia,2,36
Bernardo,Bernarda,1,36
Burgoyne,Burgoin,2,36
Gottlieb,Godlieb,2,36
Hald,Hans,2,36
Gonsalves,Goncalves,1,36
Gompert,Gompertz,1,36
Catherine,Cathrina,2,36
Gijsbertus,Gijsberts,1,36
Gustavi,Gustaf,2,36
Basile,Bazile,1,36
Leentje,Neeltje,2,36
Olaug,Olaus,1,36
Lena,Lula,2,36
Oline,Boline,1,36
Tacy,Mary,2,36
Maye,Mary,2,36
Michael,Micheal,2,36
May,Roy,2,36
Gertrud,Giertrud,1,36
Beatrix,Beatrice,2,36
Maxine,Marie,2,36
Gertruyda,Gertruida,1,36
Melite,Emeline,2,36
Meinderts,Meindert,1,36
Bartolena,Bartolina,1,36
Gesche,Geske,2,36
Cecila,Cecilia,1,36
Leo,Levi,2,36
Ola,Cora,2,36
Batholmina,Batholomina,1,36
Cato,Carl,2,36
Bastiaanse,Bastiaansz,1,36
Chrisian,Christiane,2,36
Chester,Lester,2,36
Valentin,Valentine,1,33
Marcial,Maria,2,33
Aaltien,Jantien,2,33
Ella,Delia,2,33
Marianne,Marieanne,1,33
Elizabeth,Elizabetta,2,33
Kristine,Kristian,2,33
Sarah,Hanah,2,33
Ella,Etta,2,33
Franses,Frans,2,33
Marian,Marianna,2,33
Hendricus,Hendrica,2,33
Mable,Marie,2,33
Janie,Annie,2,33
Bernardus,Bernard,2,33
John,Johana,2,33
Berthel,Bertel,1,33
Elda,Emma,2,33
Alden,Ellen,2,33
Oliver,Olivier,1,33
Eugenie,Eugenia,1,33
Eleonore,Eleonora,1,33
Jana,Jan,1,33
Wiiliam,William,1,33
Olivia,Olive,2,33
Elie,Hlne,2,33
Bessie,Bettie,2,33
Ollie,Lillie,2,33
Marie,Mable,2,33
Lambrechtsz,Lambrecht,2,33
Samuelse,Samuel,2,33
Elisabeth,Elizabetha,2,33
Elisabetha,Elizabetha,1,33
Maartje,Maretje,2,33
Eliza,Elisa,1,33
Eliza,Ella,2,33
Bernhard,Leonhard,2,33
Janne,Anna,2,33
Marcjanna,Marianna,2,33
Eva,Asa,2,33
Okkes,Okke,1,33
Harry,Harris,2,33
Otto,Otten,2,33
Magnus,Agnes,2,33
Nora,Ira,2,33
Jelle,Jeltje,2,33
Adriaantje,Ariaantje,1,33
Jennet,Janet,2,33
Otten,Otto,2,33
Abrahamse,Abraham,2,33
Maja,Sara,2,33
Adriaan,Adriaans,1,33
Theodor,Theodorus,2,33
Klaas,Klaasz,1,33
Emma,Elna,2,33
Klaaske,Klaas,2,33
Hanzes,Hans,2,33
Ora,Cora,1,33
Opal,Ora,2,33
Ava,Ann,2,33
Fairy,Mary,2,33
Jeppe,Jep,2,33
Harley,Harvey,1,33
Jentje,Jentjes,1,33
Fay,Mae,2,33
Emmie,Emma,2,33
Elvin,Ellen,2,33
Harm,Harmke,2,33
Asa,Amy,2,33
Elspeth,Elspet,1,33
Eva,Elsa,2,33
Ole,Olav,2,33
Maria,Miriam,2,33
Atje,Aaltje,2,33
Nils,Nels,1,33
Vita,Vito,1,33
Joel,Abel,2,33
Eloise,Louise,2,33
Theodore,Theodorus,2,33
Maertensz,Maerten,2,33
Patrick,Patricia,2,33
Elsa,Lisa,2,33
Kirsten,Kjersten,2,33
Janz,Jan,1,33
Beerts,Beert,1,33
Berend,Arend,2,33
Jasper,Jaspers,1,33
Bell,Ella,2,33
Hendrick,Henrick,1,33
Magarietha,Margaretha,2,33
Maria,Marcin,2,33
Jay,May,1,33
Jamie,Jane,2,33
Theodorus,Theodor,2,33
Hester,Hesther,1,33
Elbert,Albert,1,33
Ina,Ira,1,33
Melissa,Elisha,2,33
Joseph,Jusepa,2,33
Iona,Anna,2,33
Kathrine,Cathrine,1,33
Lester,Esther,2,33
Dan,Jane,2,33
Catharine,Catherina,2,33
Randine,Randi,2,33
Thrse,Therese,2,33
Lola,Flora,2,33
Lola,Rosa,2,33
Daryl,Mary,2,33
Dave,David,2,33
Ira,Dora,2,33
Andrew,Andre,1,33
Sally,Molly,2,33
Lottie,Mattie,2,33
Kaarlo,Karl,2,33
Minnie,Nannie,2,33
David,Gavin,2,33
Glen,Helen,2,33
Friedrich,Friedricke,2,33
Isaac,Isaak,1,33
Josepha,Josefa,2,33
Charlene,Charlie,2,33
Leila,Ella,2,33
Anne,Hanne,1,33
Gerdes,Gerd,2,33
Merle,Myrtle,2,33
Cora,Ezra,2,33
Anna,Mina,2,33
Mathilda,Matilda,1,33
Rebeccah,Rebecca,1,33
Honor,Honour,1,33
Lidia,Lydia,1,33
Cora,Nora,1,33
Thomasdr,Thomas,2,33
Antoni,Antonina,2,33
Tobiasz,Tobias,1,33
Lilly,Lily,1,33
Antonie,Anton,2,33
Antonina,Antoni,2,33
Geertien,Geertjen,1,33
Cornelus,Cornelia,2,33
Geertien,Geertje,2,33
Mijntje,Mijntjes,1,33
Riemers,Riemer,1,33
Crijnen,Crijn,2,33
Herbert,Hubert,2,33
Tena,Anna,2,33
Friederike,Friedericke,1,33
Della,Belle,2,33
Ivy,Ida,2,33
Pietronella,Pieternella,2,33
Roy,Ray,1,33
Dora,Dirk,2,33
Jack,Mark,2,33
Jackie,Jack,2,33
Marit,Maren,2,33
Poppes,Poppe,1,33
Jacob,Jacobje,2,33
Pete,Peter,1,33
Earl,Paul,2,33
Hetty,Henry,2,33
Ebba,Eva,2,33
Karl,Kari,1,33
Friederika,Friederike,1,33
Frederick,Fredrik,2,33
Frederick,Fredrich,2,33
Marino,Maria,2,33
Ruth,Rutha,1,33
Eeltje,Eeltjes,1,33
Vera,Ira,2,33
Penn,Ann,2,33
Leon,Leona,1,33
Larry,Harry,1,33
Jon,Joen,1,33
Ale,Ales,1,33
Brita,Mrta,2,33
Julien,Jules,2,33
Myrl,Mary,2,33
Claasz,Claes,2,33
Carla,Maria,2,33
Hinderika,Hindrik,2,33
Isabell,Isabel,1,33
Isabella,Isobella,1,33
Annie,Ane,2,33
Christen,Kristen,2,33
Henricus,Henrici,2,33
Juliana,Luciana,2,33
Amey,Amy,1,33
Louisa,Louiza,1,33
Moses,Rose,2,33
Annie,Annis,1,33
Rosalie,Rosalia,1,33
Martha,Marten,2,33
Leonora,Leonard,2,33
Alva,Alvah,1,33
Rachael,Michael,2,33
Susanna,Susana,1,33
Gottlieb,Gotlieb,1,33
Grace,Grant,2,33
Verna,Edna,2,33
Therese,Theresia,2,33
Wlliam,William,1,30
William,Gilliam,1,30
Wubbes,Wubbe,1,30
Teodor,Theodor,1,30
Ynses,Ynse,1,30
Willie,Millie,1,30
Theodorus,Theodoris,1,30
Wikke,Wikkes,1,30
Symens,Symen,1,30
Wiebe,Wiebes,1,30
Victor,Hector,2,30
Wybe,Wijbe,2,30
Willemsd,Willem,2,30
Sybolts,Sybolt,1,30
Winnie,Minnie,1,30
Sytze,Sytzes,1,30
Teunis,Teunisdr,2,30
Wilfred,Winifred,2,30
Velma,Della,2,30
Wubbe,Wubbes,1,30
Woutersz,Wouters,1,30
Susana,Juana,2,30
Watzes,Watze,1,30
Aafje,Aaltje,2,30
Surl,Sara,2,30
Eizabeth,Elizabeth,1,30
Francis,Francina,2,30
Frank,Grant,2,30
Frankie,Francis,2,30
Fransen,Frans,2,30
Fransiena,Francina,2,30
Franz,Frantz,1,30
Frederick,Friedrick,2,30
Freercks,Freerck,1,30
Freidrich,Friedrich,2,30
Fridrich,Friedrich,1,30
Frieda,Fred,2,30
Friedrich,Frederich,2,30
Friedrich,Friedrick,1,30
Friedrika,Friedrich,2,30
Fritz,Moritz,2,30
Ferdinand,Ferdinandus,2,30
Fay,May,1,30
Ezekial,Ezekiel,1,30
Emile,Ccile,2,30
Ellenor,Eleanor,2,30
Elliott,Elliot,1,30
Elmer,Elbert,2,30
Elmira,Eliza,2,30
Elna,Elsa,1,30
Elsa,Elin,2,30
Emilie,Emelie,1,30
Evertje,Evert,2,30
Ena,Ann,2,30
Eric,Erick,1,30
Eric,Henric,2,30
Erik,Erkki,2,30
Eva,Ora,2,30
Evert,Evertje,2,30
Gabriela,Gabriel,1,30
Gary,Earl,2,30
Geertje,Geertien,2,30
Hendrick,Hendricks,1,30
Harmensz,Harmen,2,30
Helen,Helga,2,30
Hellen,Ellen,1,30
Helmerts,Helmert,1,30
Henderika,Hendrika,1,30
Henderikus,Hendriks,2,30
Hendrietta,Henrietta,1,30
Hansel,Daniel,2,30
Hendrik,Hendrieka,2,30
Hendrina,Henderina,1,30
Henery,Henry,1,30
Henrica,Heinrich,2,30
Henrich,Hinrich,1,30
Henry,Jerry,2,30
Harmen,Harms,2,30
Hanns,Hans,1,30
Geerts,Beerta,2,30
Godfried,Gottfried,2,30
Geeszijn,Geessien,2,30
Gene,Lee,2,30
Gerardus,Gradus,2,30
Gerhard,Gerard,1,30
Gertrud,Gerard,2,30
Glen,Lee,2,30
Guri,Mari,2,30
Hanns,Anna,2,30
Halbert,Albert,1,30
Hallings,Halling,1,30
Han,Hans,1,30
Hanna,Marna,2,30
Hannah,Joannah,2,30
Hannes,Hanne,1,30
Ellen,Elen,1,30
Egbert,Robert,2,30
Hermine,Herman,2,30
Edward,Ward,2,30
Angel,Manuel,2,30
Ann,Anson,2,30
Anna,Alva,2,30
Anna,Santa,2,30
Annie,Andre,2,30
Annie,Janie,2,30
Anson,Aaron,2,30
Anthonij,Anthonijsz,2,30
Antonia,Antonie,1,30
Arent,Arend,1,30
Arijaantje,Ariaantje,1,30
Arisse,Arie,2,30
Aron,Aaron,1,30
Avis,David,2,30
Azarie,Marie,2,30
Aneka,Anna,2,30
Andy,Nancy,2,30
Andres,Andreas,1,30
Adriana,Adrina,1,30
Abial,Abigail,2,30
Abigal,Abigail,1,30
Ada,Alma,2,30
Adeline,Adelaide,2,30
Adriaan,Adriaanse,2,30
Adriaan,Adrians,2,30
Agda,Anna,2,30
Alva,Eva,2,30
Alan,Allan,1,30
Allice,Alice,1,30
Allie,Allen,2,30
Alma,Asa,2,30
Alma,Elna,2,30
Alva,Alma,1,30
Barend,Barendse,2,30
Bastiaanse,Bastiaan,2,30
Baukje,Baukes,2,30
Dirks,Durk,2,30
Claude,Claudine,2,30
Cornelisz,Kornelis,2,30
Della,Ella,1,30
Derks,Dirk,2,30
Dinah,Dina,1,30
Dirk,Dina,2,30
Dorothea,Dorthe,2,30
Christine,Kristine,2,30
Dorothea,Dorthea,1,30
Durk,Durks,1,30
Earl,Burl,2,30
Easter,Esther,2,30
Ebeneezer,Ebenezer,1,30
Edna,Leona,2,30
Clasina,Klasina,1,30
Chiel,Chielen,2,30
Benedikte,Benedicte,1,30
Catharina,Catharinae,1,30
Berent,Berents,1,30
Beret,Berit,1,30
Betty,Etta,2,30
Biagia,Biagio,1,30
Boelman,Boelmans,1,30
Catalina,Catarina,1,30
Catharina,Katherina,2,30
Charl,Charles,2,30
Caty,Mary,2,30
Cecilia,Cecil,2,30
Celestine,Celeste,2,30
Celia,Amelia,2,30
Celia,Cecilia,2,30
Charl,Charel,1,30
Hermanus,Harmannus,2,30
Hertha,Martha,2,30
Stephan,Stephen,1,30
Mae,Eve,2,30
Marion,Marrion,1,30
Martha,Marthe,1,30
Martin,Marten,1,30
Mary,Caty,2,30
Mary,Darby,2,30
Mary,Hay,2,30
Mary,Katy,2,30
Mary,Lacy,2,30
Mary,Marey,1,30
Mary,Park,2,30
Mattheus,Matthias,2,30
Mattia,Maria,2,30
Mattsdr,Matts,2,30
Meines,Meine,1,30
Melvin,Calvin,2,30
Marion,Mariah,2,30
Mario,Pardo,2,30
Marinus,Marinis,1,30
Margaretha,Margretha,1,30
Mae,Ray,2,30
Magaret,Margaret,1,30
Malin,Karin,2,30
Mally,Mary,2,30
Marcela,Manuela,2,30
Margaret,Margeret,1,30
Margarethe,Margrete,2,30
Marija,Maria,1,30
Margit,Martin,2,30
Margreth,Margaretha,2,30
Maria,Maraya,2,30
Maria,Marike,2,30
Mariane,Maria,2,30
Marianna,Marcjanna,2,30
Michiels,Machiel,2,30
Mitchel,Mitchell,1,30
Mollie,Sallie,2,30
Rose,Joe,2,30
Rd,Raa,2,30
Reinders,Reijnder,2,30
Rigtje,Richtje,2,30
Roelfke,Roelf,2,30
Roelof,Roelv,2,30
Rosannah,Susannah,2,30
Rose,Moshe,2,30
Ray,Ora,2,30
Santa,Ana,2,30
Sarel,Charel,2,30
Saye,Jane,2,30
Siri,Mari,2,30
Siwerts,Siwert,1,30
Son,Seton,2,30
Rd,Ra,1,30
Rasmus,Rasmuss,1,30
Nanningse,Nanning,2,30
Norma,Nora,1,30
Nanny,Anna,2,30
Neeltje,Neeltgen,2,30
Nellie,Ollie,2,30
Nicolaas,Nicholaas,1,30
Nilla,Nils,2,30
Nina,Ira,2,30
Olson,Nilson,2,30
Ramona,Ramon,1,30
Ona,Cora,2,30
Pansy,Nancy,2,30
Pascal,Paschal,1,30
Philippine,Philippina,1,30
Pleunsz,Pleun,2,30
Pricilla,Priscilla,1,30
Mae,Maud,2,30
Madge,Maude,2,30
Hilda,Hulda,1,30
Maaike,Mayke,2,30
Joan,Alan,2,30
Joann,Joannes,2,30
Joannes,Johannis,2,30
Jobe,John,2,30
Joel,Job,2,30
Johanes,Johanna,2,30
Johannesse,Johannes,2,30
John,Jobe,2,30
John,Johne,1,30
Jone,Joan,2,30
Joosse,Joos,2,30
Joseph,Joeph,1,30
Josette,Josephe,2,30
Josphine,Josephine,1,30
Julia,Lula,2,30
Jetzes,Jetze,1,30
Jeremiah,Nehemiah,2,30
Jemima,Emma,2,30
Izaak,Isaak,1,30
Hildur,Hilda,2,30
Hindrik,Hinderk,2,30
Hubrechtse,Hubrecht,2,30
Ira,Ezra,2,30
Ira,Sara,2,30
Isaak,Isaack,1,30
Jan,Janz,1,30
Jeanne,Jane,2,30
Jane,Sayne,2,30
Janey,James,2,30
Janice,Alice,2,30
Jannetje,Jannetie,1,30
Jarckes,Jarcke,1,30
Jared,Jane,2,30
Juliana,Juliane,1,30
Julienne,Julien,2,30
Jurgen,Jrgen,1,30
Lola,Viola,2,30
Lillia,William,2,30
Lillie,Lillian,2,30
Lillie,Lizzie,2,30
Linna,Anna,2,30
Lise,Louise,2,30
Lodewijksz,Lodewijk,2,30
Lorene,Florence,2,30
Lijsbet,Lijsbeth,1,30
Louis,Alois,2,30
Lubbertus,Lubbert,2,30
Luc,Luke,2,30
Luise,Louisa,2,30
Lus,Jos,2,30
Maaike,Maike,1,30
Lila,Ella,2,30
Lida,Lydia,2,30
Kaspar,Caspar,1,30
Knute,Knut,1,30
Katharina,Katarina,1,30
Katherina,Catherina,1,30
Katie,Marie,2,30
Katrina,Karin,2,30
Kerstin,Cherstin,2,30
Kjersti,Kirsti,2,30
Landre,Andr,2,30
Levi,Leah,2,30
Larsdatter,Laursdatter,1,30
Larsen,Karen,2,30
Laurens,Lourens,1,30
Lee,Joe,2,30
Leonhard,Leonard,1,30
Leonora,Eleonore,2,30
Zwaantje,Swaantje,1,30
